STATUS_ID,USER_ID,STATUS_TEXT
Honor.Jeanna22_886,Honor.Jeanna22,bloody box illustrate voracious picture
Atlante.Grimaud35_147,Atlante.Grimaud35,piquant chalk bend mushy selection
Lorna.Haggi16_412,Lorna.Haggi16,efficient camp clothe hurried talk
Coralie.Lynsey74_679,Coralie.Lynsey74,loving bat amuse sharp morning
Kaye.Madalyn12_267,Kaye.Madalyn12,nebulous dust brake warm lawyer
Alie.Housum71_242,Alie.Housum71,poised mask eat ruddy person
Ainslee.Mahmoud29_532,Ainslee.Mahmoud29,deadpan ball amuse invincible chalk
Daphna.Granny7_929,Daphna.Granny7,cooperative copper suck swift kettle
Torey.Maloy34_966,Torey.Maloy34,ill tank tick high-pitched bridge
Coralie.Lynsey74_241,Coralie.Lynsey74,romantic crook leave fancy knee
Bibi.Magdalene81_945,Bibi.Magdalene81,dead hall delay grumpy show
Zaneta.Nanny80_701,Zaneta.Nanny80,scandalous soda belong abortive governor
Loreen.Binnie47_593,Loreen.Binnie47,sticky owner squeeze godly thumb
Dosi.Fasano7_321,Dosi.Fasano7,abrupt mother misspell resolute blow
Rycca.Blackmun67_1000,Rycca.Blackmun67,abounding thread lend racial things
Coralie.Lynsey74_771,Coralie.Lynsey74,productive kite rank quarrelsome fang
Abigail.Mountfort18_757,Abigail.Mountfort18,moldy grass cry frantic soup
Eleen.Gonta56_901,Eleen.Gonta56,oceanic throat stop inquisitive oatmeal
Yalonda.Serena21_900,Yalonda.Serena21,piquant minute devise supreme sleet
Cecily.Dalenna3_186,Cecily.Dalenna3,elated pie lose undesirable laborer
Tami.Roana28_585,Tami.Roana28,terrible lawyer flow uneven drug
Cora.Rillis87_922,Cora.Rillis87,outstanding distribution acted miniature cloud
Annemarie.Pascia4_331,Annemarie.Pascia4,onerous dock tour zany silver
Violante.Saffren70_496,Violante.Saffren70,fallacious team govern tasteless houses
Honey.Alten11_670,Honey.Alten11,spotless milk see offbeat cough
Florri.Sansbury23_544,Florri.Sansbury23,damaging sheep surprise flowery water
Maure.Crescantia31_103,Maure.Crescantia31,shrill comb kneel sedate nose
Madonna.Eudoxia88_752,Madonna.Eudoxia88,stale rabbit hop tricky milk
Henrie.Bain95_234,Henrie.Bain95,lean sleet initiate waggish guide
Phedra.Valora92_330,Phedra.Valora92,horrible women summarize squeamish brick
Fiona.Garland93_58,Fiona.Garland93,soggy fork doubt concerned army
Yalonda.Serena21_87,Yalonda.Serena21,quarrelsome health steal classy lock
Mona.Aldred89_552,Mona.Aldred89,piquant sand type plausible land
Tandy.Ing85_864,Tandy.Ing85,industrious arm stand handsomely lumber
Gwenore.Myke59_655,Gwenore.Myke59,measly men inlay calm spark
Kaile.Anthiathia30_305,Kaile.Anthiathia30,friendly hair reproduce noiseless river
Dolly.Aribold26_408,Dolly.Aribold26,afraid mother remove eatable show
Tammie.Karie99_805,Tammie.Karie99,observant calendar frighten murky map
Jammie.Krawczyk52_547,Jammie.Krawczyk52,woozy kitten supply pastoral daughter
Lynna.Tullus72_703,Lynna.Tullus72,vengeful shock invite calm flavor
Merci.Kutzenco23_567,Merci.Kutzenco23,nauseating pie consolidate loving birthday
Sydelle.Lohner39_10,Sydelle.Lohner39,rightful balloon promote victorious tramp
Abigail.Mountfort18_521,Abigail.Mountfort18,stupid pocket hide encouraging pizzas
Jada.Cacia72_377,Jada.Cacia72,belligerent north crack used representative
Nelly.Warga51_338,Nelly.Warga51,fearless border locate capable cherries
Tracy.Anzovin65_94,Tracy.Anzovin65,woebegone team endure wacky toes
Ainsley.Beverly20_482,Ainsley.Beverly20,excited lunchroom bump domineering wine
Annamarie.Ditmore55_147,Annamarie.Ditmore55,afraid view change scarce deer
Honor.Jeanna22_248,Honor.Jeanna22,woozy quarter graduate uncovered border
Florri.Sansbury23_180,Florri.Sansbury23,rough afterthought originate crowded soap
Luci.Don18_846,Luci.Don18,wiry ear snow equable nose
Bibi.Magdalene81_319,Bibi.Magdalene81,lopsided wood wink muddled effect
Daphna.Granny7_290,Daphna.Granny7,jagged elbow enter high-pitched letters
Annamarie.Ditmore55_820,Annamarie.Ditmore55,bitter sweater start receptive sail
Neilla.Chico4_603,Neilla.Chico4,lethal desk wrap fortunate cemetery
Dosi.Fasano7_440,Dosi.Fasano7,ordinary rifle hit discreet laborer
Faina.Davie55_347,Faina.Davie55,wise territory bore inconclusive zinc
Annemarie.Pascia4_498,Annemarie.Pascia4,abundant porter address jazzy yard
Mariann.Kelbee53_325,Mariann.Kelbee53,important bike greet abstracted heart
Rycca.Blackmun67_699,Rycca.Blackmun67,scattered guitar see puny cabbage
Cecily.Dalenna3_603,Cecily.Dalenna3,various crack pedal dashing crow
Zaneta.Nanny80_366,Zaneta.Nanny80,flagrant bread comb onerous oven
Billy.Ezaria77_729,Billy.Ezaria77,productive swing sell null baby
Dottie.Entwistle69_20,Dottie.Entwistle69,different light heap harmonious smoke
Torey.Maloy34_956,Torey.Maloy34,versed brick nail faithful snow
Violante.Saffren70_826,Violante.Saffren70,broad mice cling finicky toes
Moll.Elma53_117,Moll.Elma53,piquant history foretell hapless planes
Daphna.Granny7_701,Daphna.Granny7,colossal coach drag uptight kiss
Victoria.Siloa2_262,Victoria.Siloa2,stimulating zinc tutor pleasant knife
Gwenore.Myke59_348,Gwenore.Myke59,thoughtless rhythm advise feigned trucks
Maritsa.Crane99_500,Maritsa.Crane99,jobless bean regret precious summer
Doria.Dorene34_372,Doria.Dorene34,naughty oil box blue-eyed notebook
Pearla.Major82_899,Pearla.Major82,fierce lettuce save craven tank
Jammie.Krawczyk52_519,Jammie.Krawczyk52,torpid net attain agreeable farm
Cora.Rillis87_337,Cora.Rillis87,telling vase suffer spooky children
Marleen.Sande90_164,Marleen.Sande90,chubby power rely maddening ink
Adrianna.Coltun59_454,Adrianna.Coltun59,good discussion stir trashy fog
Kaile.Anthiathia30_363,Kaile.Anthiathia30,gamy bun hover humdrum process
Florri.Sansbury23_781,Florri.Sansbury23,lean bun heat courageous chicken
Dolly.Aribold26_176,Dolly.Aribold26,rich offer illustrate icy cloud
Adrianna.Coltun59_44,Adrianna.Coltun59,strong cart overthrow sweltering spy
Waly.Branscum2_901,Waly.Branscum2,verdant amount overthrow peaceful camp
Yolanda.Alexio52_144,Yolanda.Alexio52,aberrant smoke schedule envious jail
Violante.Saffren70_807,Violante.Saffren70,envious porter shave frightened side
Phedra.Valora92_388,Phedra.Valora92,harsh story tease disturbed juice
Phedra.Valora92_851,Phedra.Valora92,unbecoming loaf reign torpid river
Zaneta.Nanny80_117,Zaneta.Nanny80,joyous animal hang fancy cherries
Cora.Rillis87_34,Cora.Rillis87,green grape subtract lackadaisical hill
Gert.Morganica29_790,Gert.Morganica29,efficient carpenter buze nervous society
Juditha.Darell6_210,Juditha.Darell6,alluring quince scold sparkling floor
Maure.Crescantia31_420,Maure.Crescantia31,snotty hand beg obedient son
Ainslee.Mahmoud29_847,Ainslee.Mahmoud29,fretful crown find watchful plot
Honor.Jeanna22_907,Honor.Jeanna22,royal drink file abhorrent riddle
Honey.Alten11_442,Honey.Alten11,smiling care integrate teeny-tiny road
Luci.Don18_525,Luci.Don18,yielding education disapprove tan goose
Anitra.Blinnie31_49,Anitra.Blinnie31,elfin fire synthesize erect bear
June.Hinkel72_242,June.Hinkel72,nasty dogs run wry camp
Coralie.Lynsey74_829,Coralie.Lynsey74,alluring leg refuse wealthy attack
Kaile.Anthiathia30_501,Kaile.Anthiathia30,gorgeous stick start proud cream
Tami.Roana28_650,Tami.Roana28,needy scarf raise scintillating tray
Beverie.Seys75_175,Beverie.Seys75,swift fifth encourage half dress
Coralie.Lynsey74_558,Coralie.Lynsey74,absent snails wet aromatic test
Mariann.Kelbee53_479,Mariann.Kelbee53,adorable cobweb shut adjoining recess
Kevyn.Diarmit47_372,Kevyn.Diarmit47,eminent health dress loving account
Ulrike.Fauch24_623,Ulrike.Fauch24,alluring apple preset muddled drum
Lorna.Haggi16_182,Lorna.Haggi16,marked grain delay gullible music
Miguela.Valerlan10_592,Miguela.Valerlan10,delightful sort buze black heat
Ardith.Lundeen8_653,Ardith.Lundeen8,great sneeze treat ugly breath
Delinda.Corbet26_306,Delinda.Corbet26,wary camp explode clear ship
Faina.Davie55_120,Faina.Davie55,short pocket integrate sable cactus
Lois.Ibbetson19_66,Lois.Ibbetson19,amused door negotiate encouraging rainstorm
Anitra.Blinnie31_53,Anitra.Blinnie31,sincere hair smile rabid pickle
Cora.Rillis87_477,Cora.Rillis87,helpless head spring lavish grade
Henrie.Bain95_231,Henrie.Bain95,breakable town behave energetic bucket
Nelly.Warga51_849,Nelly.Warga51,ceaseless frogs lie incandescent stocking
Mariann.Kelbee53_314,Mariann.Kelbee53,clumsy stage knock aspiring morning
Moll.Elma53_918,Moll.Elma53,damaged year undergo zonked cherry
Jada.Cacia72_226,Jada.Cacia72,macabre poison enter crowded question
Lynna.Tullus72_923,Lynna.Tullus72,fearless calendar specify ceaseless rain
Delinda.Corbet26_910,Delinda.Corbet26,hellish battle stamp tender jar
Honey.Alten11_34,Honey.Alten11,odd vegetable demonstrate internal soap
Suzann.Steffane17_319,Suzann.Steffane17,agonizing woman structure minor smell
Pauly.Yonita26_325,Pauly.Yonita26,direful sort entertain acrid stove
Karla.Stoops83_198,Karla.Stoops83,permissible insect control secretive bean
Nelly.Warga51_608,Nelly.Warga51,minor goose disprove spectacular game
Kaye.Madalyn12_158,Kaye.Madalyn12,nutty team kill zealous jeans
June.Hinkel72_808,June.Hinkel72,ruddy ice bleach succinct kite
Jordain.Fabrianne78_570,Jordain.Fabrianne78,gaudy jam discover penitent reward
Madella.Madson90_960,Madella.Madson90,breezy interest change smelly blood
Lois.Ibbetson19_60,Lois.Ibbetson19,exotic ship label kind loss
Abigale.Elvie14_57,Abigale.Elvie14,freezing club tell voracious place
Faina.Davie55_678,Faina.Davie55,fabulous plot tease abusive trick
Florri.Sansbury23_654,Florri.Sansbury23,tall tent reduce mute side
Sydelle.Lohner39_187,Sydelle.Lohner39,lethal feast attend dangerous route
Lynna.Tullus72_352,Lynna.Tullus72,fabulous rifle pinpoint cowardly cub
Honor.Jeanna22_486,Honor.Jeanna22,knotty cattle perform uneven team
Kevyn.Diarmit47_28,Kevyn.Diarmit47,thinkable airplane counsel enthusiastic butter
Alie.Housum71_439,Alie.Housum71,decisive cup deserve resolute day
Rycca.Blackmun67_335,Rycca.Blackmun67,available berry render thirsty leg
Violante.Saffren70_717,Violante.Saffren70,misty snakes preside incandescent grain
Doria.Dorene34_984,Doria.Dorene34,pointless start imagine steep kiss
Andi.Tristis88_22,Andi.Tristis88,disgusted hospital finance optimal cake
Florri.Sansbury23_126,Florri.Sansbury23,bored person play dazzling territory
Kristyn.Margie19_502,Kristyn.Margie19,deafening number waste defiant war
Henrie.Bain95_16,Henrie.Bain95,taboo blood suppose perpetual spoon
Denise.Baudelaire15_727,Denise.Baudelaire15,teeny bubble miss smiling number
Pearla.Major82_965,Pearla.Major82,crooked grass fling funny writer
Gwenore.Myke59_151,Gwenore.Myke59,profuse vest entertain curved field
Else.Massey42_655,Else.Massey42,childlike cracker fade accurate apple
Bibi.Magdalene81_273,Bibi.Magdalene81,noiseless lettuce hope average cheese
Kaile.Anthiathia30_91,Kaile.Anthiathia30,idiotic music escape faulty egg
Luci.Don18_605,Luci.Don18,highfalutin flock employ macabre trail
Hyacinthe.Leda43_797,Hyacinthe.Leda43,needless stitch sort cruel grape
Tandy.Ing85_873,Tandy.Ing85,healthy honey look delightful rate
Else.Massey42_930,Else.Massey42,grieving airplane prescribe internal magic
Kevyn.Diarmit47_78,Kevyn.Diarmit47,curious honey fear tangy creator
Adrianna.Coltun59_290,Adrianna.Coltun59,quick breakfast invent aloof road
Maritsa.Crane99_850,Maritsa.Crane99,unbecoming father suppose subdued glove
Alie.Housum71_365,Alie.Housum71,peaceful popcorn pump tricky quilt
Marleen.Sande90_978,Marleen.Sande90,better digestion juggle willing pollution
Loreen.Binnie47_276,Loreen.Binnie47,symptomatic alarm harass fast thought
Anitra.Blinnie31_424,Anitra.Blinnie31,steadfast mint match tame pear
Xaviera.Seka93_71,Xaviera.Seka93,endurable clover tutor symptomatic crime
Hanny.Ruffin41_507,Hanny.Ruffin41,fat art smoke threatening flower
Tammie.Karie99_610,Tammie.Karie99,slippery waves spread bored brother
Violante.Saffren70_355,Violante.Saffren70,breezy ball enforce talented head
Florri.Sansbury23_725,Florri.Sansbury23,auspicious toothpaste lead rhetorical sea
Jammie.Krawczyk52_132,Jammie.Krawczyk52,wide beast waste noxious map
Beverie.Seys75_145,Beverie.Seys75,breakable book transform abstracted oatmeal
Zaneta.Nanny80_584,Zaneta.Nanny80,mighty berry misspell romantic opinion
Lethia.Trev84_587,Lethia.Trev84,tightfisted notebook cast wet stranger
Kaile.Anthiathia30_855,Kaile.Anthiathia30,callous goldfish insure chubby chin
Loreen.Binnie47_815,Loreen.Binnie47,hypnotic wrench force peaceful control
Xaviera.Seka93_181,Xaviera.Seka93,cautious quicksand attract obedient cattle
Marline.Kira17_194,Marline.Kira17,capable hands beat mindless fifth
Catharine.Galan47_119,Catharine.Galan47,ahead cap inspire wet goldfish
Denise.Baudelaire15_55,Denise.Baudelaire15,perpetual mitten clap delightful breakfast
Suzann.Steffane17_91,Suzann.Steffane17,acrid dog fix finicky cup
Gwenore.Myke59_224,Gwenore.Myke59,recondite meal overdo feigned carpenter
Wynnie.Ichabod20_850,Wynnie.Ichabod20,devilish memory split elegant government
Eleen.Gonta56_579,Eleen.Gonta56,old copper visit pathetic faucet
Trixy.Shulman95_162,Trixy.Shulman95,empty pot praised heady family
Karla.Stoops83_494,Karla.Stoops83,dapper meat purchase grandiose sister
Denise.Baudelaire15_383,Denise.Baudelaire15,red wash level unsuitable party
Loreen.Binnie47_489,Loreen.Binnie47,moldy squirrel oriented defiant trucks
Daphna.Granny7_862,Daphna.Granny7,crowded sky slink clammy plants
Honey.Alten11_105,Honey.Alten11,teeny-tiny wound arise straight dust
Violante.Saffren70_901,Violante.Saffren70,scary shock identify evasive bread
Gae.Nickles5_274,Gae.Nickles5,abandoned grip offer pumped coach
Cecily.Dalenna3_132,Cecily.Dalenna3,wet galley seal screeching books
Florri.Sansbury23_207,Florri.Sansbury23,deserted sack improve exclusive rifle
Mona.Aldred89_837,Mona.Aldred89,tasteless wrench fade elite room
Lorna.Haggi16_964,Lorna.Haggi16,lowly sleet regret godly smile
Victoria.Siloa2_115,Victoria.Siloa2,warlike debt shock drunk kitten
Else.Massey42_780,Else.Massey42,decorous slave telephone elated honey
Kevyn.Diarmit47_724,Kevyn.Diarmit47,scary lunchroom arrest direful mom
Maure.Crescantia31_804,Maure.Crescantia31,upset passenger complain short pancake
Jordain.Fabrianne78_662,Jordain.Fabrianne78,amused lumber feed premium sort
Tammie.Karie99_288,Tammie.Karie99,hellish power race real stem
Gert.Morganica29_509,Gert.Morganica29,green earthquake enlist beautiful reward
Tracy.Anzovin65_481,Tracy.Anzovin65,mammoth education imagine thirsty kiss
Miguela.Valerlan10_985,Miguela.Valerlan10,slippery kite hate lacking bee
Zaneta.Nanny80_347,Zaneta.Nanny80,trite babies burst incandescent finger
Yalonda.Serena21_175,Yalonda.Serena21,shiny pest race spiffy egg
Catharine.Galan47_546,Catharine.Galan47,gamy zinc peel scarce button
Zaneta.Nanny80_596,Zaneta.Nanny80,educated cabbage confront scary library
Luci.Don18_987,Luci.Don18,placid library whirl neighborly father
Ardith.Lundeen8_58,Ardith.Lundeen8,great egg shelter blue chicken
Cora.Rillis87_762,Cora.Rillis87,scandalous sweater beset silly cake
Zaneta.Nanny80_986,Zaneta.Nanny80,obsolete income agree daily carpenter
Else.Massey42_497,Else.Massey42,luxuriant icicle hop overwrought year
Gwenore.Myke59_560,Gwenore.Myke59,vulgar kettle stick impartial bun
Torey.Maloy34_170,Torey.Maloy34,sweet pen wash shallow circle
Dottie.Entwistle69_27,Dottie.Entwistle69,average current level disgusted book
Kamila.Rosana49_844,Kamila.Rosana49,fabulous guitar interrupt gorgeous house
Jordain.Fabrianne78_539,Jordain.Fabrianne78,gifted discovery return petite loaf
Torey.Maloy34_708,Torey.Maloy34,strange clouds verify aberrant light
Henrie.Bain95_984,Henrie.Bain95,kaput bears ignore abrupt cabbage
June.Hinkel72_862,June.Hinkel72,annoyed bulb sling abortive sheet
Maure.Crescantia31_200,Maure.Crescantia31,smelly ocean worry literate cobweb
June.Hinkel72_396,June.Hinkel72,energetic women melt green rake
Madella.Madson90_724,Madella.Madson90,sore rice relax fragile locket
Mona.Aldred89_612,Mona.Aldred89,many nerve moan kind rabbit
Anitra.Blinnie31_231,Anitra.Blinnie31,permissible bedroom hypothesize rural celery
Doria.Dorene34_986,Doria.Dorene34,subsequent suggestion stir bloody rat
Luci.Don18_343,Luci.Don18,various wealth wash grouchy box
Abigail.Mountfort18_292,Abigail.Mountfort18,fascinated beef man cool screw
Fiona.Garland93_57,Fiona.Garland93,hot coal cross flowery afterthought
Denise.Baudelaire15_998,Denise.Baudelaire15,oafish sticks want gorgeous heat
Orelia.Isman92_181,Orelia.Isman92,alleged weight cure pointless meal
Myra.Jehias49_124,Myra.Jehias49,raspy bee smile muddled linen
Adrianna.Coltun59_148,Adrianna.Coltun59,foregoing bean annoy woebegone bun
Lorna.Haggi16_875,Lorna.Haggi16,guiltless thread swear rustic foot
Kevyn.Diarmit47_162,Kevyn.Diarmit47,known bedroom edited soggy distribution
Tracy.Anzovin65_564,Tracy.Anzovin65,husky friction spell snotty gate
Madella.Madson90_5,Madella.Madson90,sticky magic untidy sincere army
Atlante.Grimaud35_718,Atlante.Grimaud35,nasty visitor yell fuzzy expansion
Jammie.Krawczyk52_495,Jammie.Krawczyk52,stereotyped rub reason adjoining temper
Hanny.Ruffin41_183,Hanny.Ruffin41,ugliest angle reject hypnotic reading
Ardith.Lundeen8_111,Ardith.Lundeen8,zany hall object high-pitched flock
Yolanda.Alexio52_953,Yolanda.Alexio52,adventurous reaction jail wary ring
Cora.Rillis87_728,Cora.Rillis87,numerous bat praised delightful toe
Tracy.Anzovin65_87,Tracy.Anzovin65,juvenile size soak lean pain
Victoria.Siloa2_471,Victoria.Siloa2,festive answer scratch disillusioned grape
Juditha.Darell6_34,Juditha.Darell6,pretty store develop gusty detail
Phedra.Valora92_47,Phedra.Valora92,hollow church peck watery temper
Miguela.Valerlan10_57,Miguela.Valerlan10,bad rat flap muddy tray
Gae.Nickles5_310,Gae.Nickles5,invincible cannon consult homely oatmeal
Coralie.Lynsey74_21,Coralie.Lynsey74,soggy team note godly mind
Marleen.Sande90_967,Marleen.Sande90,absorbing thunder clean voiceless spring
Ardith.Lundeen8_748,Ardith.Lundeen8,lazy weather lighten round arch
Billy.Ezaria77_467,Billy.Ezaria77,scattered passenger squeal jazzy bubble
Ulrike.Fauch24_436,Ulrike.Fauch24,aromatic hat curve ordinary shame
Orelia.Isman92_96,Orelia.Isman92,flowery grandfather scatter super spade
Hyacinthe.Leda43_929,Hyacinthe.Leda43,furtive decision rinse eatable hall
Andi.Tristis88_95,Andi.Tristis88,few truck suck dry beetle
Neilla.Chico4_922,Neilla.Chico4,ashamed cream raise laughable tongue
Lethia.Trev84_108,Lethia.Trev84,dysfunctional banana sneeze foolish desk
Henrie.Bain95_652,Henrie.Bain95,whispering respect collect lowly mice
Else.Massey42_380,Else.Massey42,vigorous children progress bright van
Victoria.Siloa2_837,Victoria.Siloa2,agreeable wish flow tawdry stew
Neilla.Chico4_378,Neilla.Chico4,cold disgust hurry recondite army
Tandy.Ing85_784,Tandy.Ing85,gamy beginner design talented friction
Honor.Jeanna22_850,Honor.Jeanna22,alive teaching taste ossified plantation
Moll.Elma53_406,Moll.Elma53,ill town win ludicrous garden
Tandy.Ing85_443,Tandy.Ing85,blue liquid conserve panoramic governor
Abigail.Mountfort18_573,Abigail.Mountfort18,phobic drum suck quack wing
Hyacinthe.Leda43_288,Hyacinthe.Leda43,sparkling stage burst impossible tub
Miguela.Valerlan10_41,Miguela.Valerlan10,adamant street suppose needy sheet
Calida.Royal65_600,Calida.Royal65,shallow screw rejoice green paint
Kaile.Anthiathia30_836,Kaile.Anthiathia30,great creator sense steadfast pet
June.Hinkel72_114,June.Hinkel72,apathetic border match shiny creator
Florri.Sansbury23_268,Florri.Sansbury23,humorous test whine steady drain
Abigail.Mountfort18_437,Abigail.Mountfort18,charming work cross malicious paste
Kamila.Rosana49_533,Kamila.Rosana49,flagrant substance thaw boorish acoustics
Zaneta.Nanny80_338,Zaneta.Nanny80,symptomatic tank match ruddy rice
Merci.Kutzenco23_189,Merci.Kutzenco23,tender pen retrieve frail stew
Adrianna.Coltun59_264,Adrianna.Coltun59,absent poison acted feigned calculator
Lynnea.Cordova58_920,Lynnea.Cordova58,gainful earth answer ruthless thread
Atlante.Grimaud35_112,Atlante.Grimaud35,wise rock memorize unsightly card
Tami.Roana28_562,Tami.Roana28,wary spring identify adaptable light
Gert.Morganica29_750,Gert.Morganica29,learned deer consult cooing fruit
Abigail.Mountfort18_975,Abigail.Mountfort18,available bulb tame fearless men
Lynnea.Cordova58_977,Lynnea.Cordova58,hesitant mountain claim wistful cub
Cora.Rillis87_311,Cora.Rillis87,hissing horses scratch royal quill
Henrie.Bain95_115,Henrie.Bain95,uneven dock clear endurable able
Gae.Nickles5_538,Gae.Nickles5,big rake spray hulking kite
Beverie.Seys75_601,Beverie.Seys75,red volcano disappear tasteless books
Ainslee.Mahmoud29_656,Ainslee.Mahmoud29,little mice conceptualize craven person
Tracy.Anzovin65_565,Tracy.Anzovin65,hurried houses rehabilitate melodic toys
Kevyn.Diarmit47_291,Kevyn.Diarmit47,shallow fiction earn succinct board
Delinda.Corbet26_382,Delinda.Corbet26,parsimonious word reduce outrageous sweater
Trixy.Shulman95_271,Trixy.Shulman95,lush guitar shoot grieving fuel
Marleen.Sande90_132,Marleen.Sande90,wise maid fire enthusiastic jellyfish
Cora.Rillis87_893,Cora.Rillis87,healthy interest prove puzzled body
Torey.Maloy34_30,Torey.Maloy34,elite horn hope gruesome blade
Violante.Saffren70_410,Violante.Saffren70,wooden stretch learn grubby soup
Lynna.Tullus72_342,Lynna.Tullus72,thoughtless cable deceive slow heart
Clemmie.Ninon28_496,Clemmie.Ninon28,sad air update heavenly cannon
June.Hinkel72_105,June.Hinkel72,callous turn come real cream
Abigail.Mountfort18_746,Abigail.Mountfort18,cloistered direction drain fast cows
Dottie.Entwistle69_140,Dottie.Entwistle69,didactic trail photograph receptive cows
Luci.Don18_63,Luci.Don18,zonked friction pedal workable dog
Calida.Royal65_857,Calida.Royal65,halting machine book expensive crate
Miguela.Valerlan10_166,Miguela.Valerlan10,dazzling secretary express rabid river
Victoria.Siloa2_484,Victoria.Siloa2,fine friction sin tame purpose
Katinka.Osborne92_724,Katinka.Osborne92,fierce cloud disprove piquant lace
Kaile.Anthiathia30_83,Kaile.Anthiathia30,clever cellar bleed quaint vase
Loreen.Binnie47_819,Loreen.Binnie47,noisy dime select jittery sheet
Maritsa.Crane99_480,Maritsa.Crane99,draconian value clip null creature
Pearla.Major82_123,Pearla.Major82,romantic ladybug forget obsequious feather
Delinda.Corbet26_585,Delinda.Corbet26,wooden dinner photograph drunk brain
Marleen.Sande90_359,Marleen.Sande90,curved flag ruin taboo bag
Lethia.Trev84_633,Lethia.Trev84,neighborly women joke ubiquitous distance
Waly.Branscum2_647,Waly.Branscum2,illegal branch instruct deadpan shirt
Delinda.Corbet26_834,Delinda.Corbet26,scientific tin amuse mammoth anger
Gae.Nickles5_156,Gae.Nickles5,combative volcano practice voracious cows
Cora.Rillis87_401,Cora.Rillis87,imaginary income tug tall boy
Kamila.Rosana49_421,Kamila.Rosana49,abrupt guide expand towering scene
Dolly.Aribold26_174,Dolly.Aribold26,picayune cast number groovy smoke
Lethia.Trev84_535,Lethia.Trev84,splendid thread thrive old judge
Anitra.Blinnie31_401,Anitra.Blinnie31,dapper sky fold inexpensive throat
Gae.Nickles5_349,Gae.Nickles5,demonic chickens run neighborly recess
Selestina.Layton97_153,Selestina.Layton97,boundless debt unpack flipped-out bean
Kevyn.Diarmit47_961,Kevyn.Diarmit47,raspy visitor grind spectacular salt
Coralie.Lynsey74_536,Coralie.Lynsey74,abhorrent learning speak nostalgic brick
Madella.Madson90_460,Madella.Madson90,new history bore mushy price
Suzann.Steffane17_392,Suzann.Steffane17,large loaf attain redundant leaf
Jordain.Fabrianne78_808,Jordain.Fabrianne78,wide-eyed idea observe melodic frogs
Delinda.Corbet26_342,Delinda.Corbet26,offbeat skin adapt painstaking plough
Pauly.Yonita26_69,Pauly.Yonita26,different fireman grab moldy seashore
Goldina.Hutchins86_144,Goldina.Hutchins86,unaccountable pen turn utopian man
Else.Massey42_701,Else.Massey42,absent haircut hug aspiring tub
Lorna.Haggi16_651,Lorna.Haggi16,verdant quill maintain legal eggnog
Mona.Aldred89_802,Mona.Aldred89,hollow son provide hard bat
Yolanda.Alexio52_140,Yolanda.Alexio52,woozy hammer rub smoggy family
Amanda.Andrien92_313,Amanda.Andrien92,blue-eyed passenger greet spectacular bottle
Dosi.Fasano7_777,Dosi.Fasano7,receptive action collect tacit bear
Gwenore.Myke59_206,Gwenore.Myke59,salty request memorize motionless frog
Maritsa.Crane99_643,Maritsa.Crane99,wealthy father plan dapper galley
Orelia.Isman92_448,Orelia.Isman92,economic nose forecast guttural chin
Pauly.Yonita26_772,Pauly.Yonita26,statuesque balloon part silent cellar
Phedra.Valora92_621,Phedra.Valora92,earsplitting order flee hilarious blood
Nelly.Warga51_731,Nelly.Warga51,exuberant branch nail green structure
Kevyn.Diarmit47_115,Kevyn.Diarmit47,minor support hook efficacious part
Denise.Baudelaire15_679,Denise.Baudelaire15,disturbed move pause funny line
Adrianna.Coltun59_855,Adrianna.Coltun59,fantastic queen change learned head
Trixy.Shulman95_645,Trixy.Shulman95,undesirable goldfish plead fretful cream
Tandy.Ing85_518,Tandy.Ing85,teeny-tiny interest institute divergent carpenter
Victoria.Siloa2_882,Victoria.Siloa2,ossified tree split round credit
Hanny.Ruffin41_295,Hanny.Ruffin41,evil cup want lopsided snail
Coralie.Lynsey74_633,Coralie.Lynsey74,redundant north sigh scintillating rake
Ulrike.Fauch24_575,Ulrike.Fauch24,helpful decision overflow impossible badge
Moll.Elma53_634,Moll.Elma53,gaping bubble haunt rainy point
Amanda.Andrien92_965,Amanda.Andrien92,light quicksand bump various finger
Miguela.Valerlan10_734,Miguela.Valerlan10,direful plough point bashful stitch
Merci.Kutzenco23_185,Merci.Kutzenco23,quarrelsome straw agree luxuriant income
Maure.Crescantia31_743,Maure.Crescantia31,concerned cheese avoid abrupt expansion
Jordain.Fabrianne78_937,Jordain.Fabrianne78,receptive branch whisper perfect front
Ainslee.Mahmoud29_480,Ainslee.Mahmoud29,helpless police wreck panicky throat
Maritsa.Crane99_197,Maritsa.Crane99,fascinated part extract abhorrent increase
Rycca.Blackmun67_636,Rycca.Blackmun67,excellent root level powerful example
Gae.Nickles5_990,Gae.Nickles5,selfish jeans chop upset sun
Tammie.Karie99_438,Tammie.Karie99,shaky shelf punch volatile trains
Abigale.Elvie14_349,Abigale.Elvie14,real north pour scrawny lumber
Ainslee.Mahmoud29_254,Ainslee.Mahmoud29,yellow song represent shivering mice
Andi.Tristis88_985,Andi.Tristis88,ceaseless cable face dirty slave
Waly.Branscum2_381,Waly.Branscum2,understood journey decide half horn
Nelly.Warga51_805,Nelly.Warga51,plastic morning terrify abashed thought
Tami.Roana28_433,Tami.Roana28,wacky pail speed tangy foot
June.Hinkel72_906,June.Hinkel72,tense wish contain ambitious eggnog
Sydelle.Lohner39_904,Sydelle.Lohner39,mundane joke warn aspiring actor
Faina.Davie55_460,Faina.Davie55,elite laugh address zany force
Waly.Branscum2_944,Waly.Branscum2,astonishing jewel hope lonely ball
Eleen.Gonta56_431,Eleen.Gonta56,super smell offer unaccountable sticks
Fiann.Keithley50_110,Fiann.Keithley50,gleaming kite become typical beast
Doria.Dorene34_46,Doria.Dorene34,heartbreaking spoon taste piquant tongue
Maritsa.Crane99_100,Maritsa.Crane99,uncovered desk point therapeutic thought
Moll.Elma53_856,Moll.Elma53,scattered ladybug change fierce thought
Jammie.Krawczyk52_528,Jammie.Krawczyk52,accessible feather offer educated hose
Torey.Maloy34_328,Torey.Maloy34,evasive parcel process hot oatmeal
Abigale.Elvie14_512,Abigale.Elvie14,ordinary leg hand lamentable pig
Maritsa.Crane99_420,Maritsa.Crane99,crowded mailbox forego available fork
Orelia.Isman92_339,Orelia.Isman92,sad offer determine teeny-tiny crate
Lorna.Haggi16_538,Lorna.Haggi16,wooden nut withhold trashy bulb
Pearla.Major82_541,Pearla.Major82,ignorant development arrive cool weather
Ulrike.Fauch24_455,Ulrike.Fauch24,tangible clover shiver grieving corn
Cecily.Dalenna3_579,Cecily.Dalenna3,adjoining rifle see annoying print
Honor.Jeanna22_882,Honor.Jeanna22,accidental pets yell beautiful talk
Yolanda.Alexio52_95,Yolanda.Alexio52,nonstop cart avoid purple destruction
Trixy.Shulman95_246,Trixy.Shulman95,attractive rest polish alike plant
Pauly.Yonita26_653,Pauly.Yonita26,toothsome line sit furtive whistle
Marline.Kira17_220,Marline.Kira17,oafish bead sublet marked cub
Doria.Dorene34_276,Doria.Dorene34,phobic cast hold squalid pen
Fiann.Keithley50_475,Fiann.Keithley50,early stem mend synonymous afternoon
Delinda.Corbet26_271,Delinda.Corbet26,repulsive burn recommend sassy afterthought
Tracy.Anzovin65_505,Tracy.Anzovin65,elfin bridge mourn hysterical clam
Billy.Ezaria77_79,Billy.Ezaria77,premium bite hum marked boys
Maritsa.Crane99_210,Maritsa.Crane99,naughty swim leave grouchy daughter
Lois.Ibbetson19_925,Lois.Ibbetson19,hissing coach drip spiffy lace
Adrianna.Coltun59_645,Adrianna.Coltun59,furtive answer snow proud cast
Tami.Roana28_165,Tami.Roana28,gabby faucet treat billowy alley
Lynna.Tullus72_519,Lynna.Tullus72,merciful baseball remain bumpy group
Delinda.Corbet26_57,Delinda.Corbet26,hurried idea shut wanting animal
Gae.Nickles5_840,Gae.Nickles5,utopian credit sweat gamy number
Cora.Rillis87_795,Cora.Rillis87,womanly friction order dirty bat
Henrie.Bain95_177,Henrie.Bain95,wide-eyed weather illustrate venomous sofa
Tracy.Anzovin65_640,Tracy.Anzovin65,clean breakfast initiate childlike idea
Atlante.Grimaud35_346,Atlante.Grimaud35,hushed geese share sincere stop
Andi.Tristis88_276,Andi.Tristis88,knowing pump jog tight fowl
Anitra.Blinnie31_261,Anitra.Blinnie31,boiling stew purchase thinkable mountain
Waly.Branscum2_943,Waly.Branscum2,uneven boundary sail blue order
Abigale.Elvie14_3,Abigale.Elvie14,scintillating chin weep exclusive furniture
Honey.Alten11_199,Honey.Alten11,delightful seed record groovy cat
Loreen.Binnie47_695,Loreen.Binnie47,adhesive star risk shaky curtain
Ainslee.Mahmoud29_471,Ainslee.Mahmoud29,racial parcel punch woebegone kite
Honor.Jeanna22_994,Honor.Jeanna22,flat wren upgrade obtainable beds
Jada.Cacia72_57,Jada.Cacia72,lean teaching implement glossy nut
Coralie.Lynsey74_754,Coralie.Lynsey74,lamentable laborer paint large tent
Coralie.Lynsey74_221,Coralie.Lynsey74,husky body inspect doubtful cellar
Kevyn.Diarmit47_234,Kevyn.Diarmit47,alike moon rush abrasive writer
Kristyn.Margie19_511,Kristyn.Margie19,macabre patch phone fat cracker
Tracy.Anzovin65_362,Tracy.Anzovin65,subdued shop feel abhorrent dog
Jordain.Fabrianne78_526,Jordain.Fabrianne78,lean man hop wonderful treatment
Mona.Aldred89_463,Mona.Aldred89,loose clam scorch long beef
Kaile.Anthiathia30_780,Kaile.Anthiathia30,handsome snake apologize huge star
Anitra.Blinnie31_914,Anitra.Blinnie31,shaggy badge prepare sedate family
Gert.Morganica29_219,Gert.Morganica29,graceful music integrate madly market
Kamila.Rosana49_652,Kamila.Rosana49,tough toes transfer obeisant fiction
Madonna.Eudoxia88_849,Madonna.Eudoxia88,silent linen bounce billowy line
Jammie.Krawczyk52_661,Jammie.Krawczyk52,muddy coach feed craven number
Catharine.Galan47_431,Catharine.Galan47,bumpy room originate obtainable lizards
Ardith.Lundeen8_541,Ardith.Lundeen8,icky glove unfasten apathetic space
Gwenore.Myke59_643,Gwenore.Myke59,fretful owl strap rhetorical weight
Florri.Sansbury23_784,Florri.Sansbury23,wholesale curtain enforce new glue
Fiona.Garland93_937,Fiona.Garland93,flaky calculator flow recondite twig
Honey.Alten11_289,Honey.Alten11,evil can enhance rapid chain
Hanny.Ruffin41_5,Hanny.Ruffin41,telling week face maddening wrench
Ulrike.Fauch24_163,Ulrike.Fauch24,adjoining talk annoy knowledgeable action
Kaye.Madalyn12_928,Kaye.Madalyn12,important berry kill beautiful leather
June.Hinkel72_127,June.Hinkel72,dramatic railway pinpoint breakable scene
Moll.Elma53_937,Moll.Elma53,learned back shoe aggressive aunt
Orelia.Isman92_585,Orelia.Isman92,glorious nose slip tangible kittens
Abigale.Elvie14_903,Abigale.Elvie14,hypnotic respect jail comfortable stop
Zaneta.Nanny80_652,Zaneta.Nanny80,waggish mask trade credible marble
Victoria.Siloa2_5,Victoria.Siloa2,deserted bulb spread sad business
Loreen.Binnie47_569,Loreen.Binnie47,flipped-out lettuce plug combative cough
Maritsa.Crane99_679,Maritsa.Crane99,cowardly nail accomplish high-pitched clam
Xaviera.Seka93_675,Xaviera.Seka93,fortunate umbrella grind vacuous crate
Else.Massey42_901,Else.Massey42,flowery grain mislead finicky force
Zaneta.Nanny80_820,Zaneta.Nanny80,horrible reward forsake nice grandmother
Jordain.Fabrianne78_208,Jordain.Fabrianne78,gigantic pen smile weak dust
Else.Massey42_188,Else.Massey42,momentous breath mow tiresome partner
Daphna.Granny7_332,Daphna.Granny7,furtive arithmetic weigh fallacious event
Yalonda.Serena21_265,Yalonda.Serena21,offbeat grape smoke hospitable activity
Gwenore.Myke59_702,Gwenore.Myke59,humorous volcano acted chunky burst
Hyacinthe.Leda43_954,Hyacinthe.Leda43,grandiose mailbox force overt border
Myra.Jehias49_1,Myra.Jehias49,arrogant robin ring nutty butter
Torey.Maloy34_204,Torey.Maloy34,nutty rule select obtainable tiger
Tami.Roana28_280,Tami.Roana28,upset dress pass skinny mother
Madella.Madson90_529,Madella.Madson90,damp earthquake shave amused tree
Doria.Dorene34_562,Doria.Dorene34,imaginary twist uphold axiomatic work
Clemmie.Ninon28_951,Clemmie.Ninon28,tenuous disgust hunt apathetic horn
Tammie.Karie99_35,Tammie.Karie99,great shop teach acrid cast
Tami.Roana28_279,Tami.Roana28,abnormal library justify bewildered skin
Kamila.Rosana49_465,Kamila.Rosana49,lacking quicksand deliver smoggy clover
Ardith.Lundeen8_420,Ardith.Lundeen8,square spoon scrape upbeat powder
Dottie.Entwistle69_855,Dottie.Entwistle69,didactic calculator model yielding seed
Loreen.Binnie47_328,Loreen.Binnie47,literate argument rise satisfying girl
Zaneta.Nanny80_400,Zaneta.Nanny80,early feast type fierce guide
Lorna.Haggi16_201,Lorna.Haggi16,temporary frog greet solid temper
Dosi.Fasano7_951,Dosi.Fasano7,hypnotic notebook drink fabulous decision
Andi.Tristis88_353,Andi.Tristis88,abhorrent cable hang zonked property
Victoria.Siloa2_769,Victoria.Siloa2,guttural action sing inconclusive sweater
Doria.Dorene34_531,Doria.Dorene34,exultant dog stitch green pail
Kevyn.Diarmit47_853,Kevyn.Diarmit47,vast creator critique good self
Maure.Crescantia31_851,Maure.Crescantia31,neighborly tooth spend tasteful quiver
Alie.Housum71_235,Alie.Housum71,heady gun plant offbeat crook
Fiann.Keithley50_425,Fiann.Keithley50,muddy calendar subtract adamant change
Tracy.Anzovin65_897,Tracy.Anzovin65,overjoyed snail taste grubby lawyer
Amanda.Andrien92_377,Amanda.Andrien92,mundane drug bathe ethereal act
Katinka.Osborne92_723,Katinka.Osborne92,melted chin stay muddled canvas
Gae.Nickles5_57,Gae.Nickles5,shallow brothers employ ugly baseball
Moll.Elma53_157,Moll.Elma53,quaint eyes fence depressed reading
Gwenore.Myke59_697,Gwenore.Myke59,embarrassed organization interlay giant year
Miguela.Valerlan10_632,Miguela.Valerlan10,undesirable sun end heavenly bun
Kevyn.Diarmit47_761,Kevyn.Diarmit47,nonchalant zebra pat ill pot
Juditha.Darell6_260,Juditha.Darell6,receptive rainstorm label lamentable cup
Fiann.Keithley50_982,Fiann.Keithley50,glorious sea wobble berserk wound
Atlante.Grimaud35_302,Atlante.Grimaud35,super route pay acrid dirt
Lois.Ibbetson19_219,Lois.Ibbetson19,tough plantation connect defiant pot
Coralie.Lynsey74_507,Coralie.Lynsey74,foregoing cart recruit overwrought guitar
Jammie.Krawczyk52_644,Jammie.Krawczyk52,pretty engine exercise educated patch
Nelly.Warga51_202,Nelly.Warga51,itchy quilt scribble sulky snail
Atlante.Grimaud35_371,Atlante.Grimaud35,determined sister stand cowardly quince
Eleen.Gonta56_397,Eleen.Gonta56,reflective juice keep cuddly reading
Hanny.Ruffin41_189,Hanny.Ruffin41,smiling vest facilitate invincible map
Calida.Royal65_656,Calida.Royal65,lazy driving plan silky week
Hanny.Ruffin41_702,Hanny.Ruffin41,clean legs compute divergent roof
Tracy.Anzovin65_90,Tracy.Anzovin65,undesirable fly ban racial tiger
Annamarie.Ditmore55_568,Annamarie.Ditmore55,innocent pot confess redundant show
Neilla.Chico4_319,Neilla.Chico4,uninterested veil meet scintillating tub
Ardith.Lundeen8_324,Ardith.Lundeen8,vulgar metal level lazy spy
Atlante.Grimaud35_175,Atlante.Grimaud35,many music thrive reflective seed
Jordain.Fabrianne78_645,Jordain.Fabrianne78,careful church mentor mundane seashore
Madella.Madson90_709,Madella.Madson90,wasteful field compare direful police
Miguela.Valerlan10_485,Miguela.Valerlan10,hushed crook follow nebulous hope
Marleen.Sande90_725,Marleen.Sande90,obsequious bubble compete demonic deer
Faina.Davie55_983,Faina.Davie55,worthless tree count relieved nose
Goldina.Hutchins86_379,Goldina.Hutchins86,flashy pail point jaded sail
June.Hinkel72_800,June.Hinkel72,honorable birds anticipate scrawny dog
Alie.Housum71_765,Alie.Housum71,majestic wood cheer venomous room
Delinda.Corbet26_691,Delinda.Corbet26,miscreant earth mediate breakable plate
Beverie.Seys75_449,Beverie.Seys75,grandiose airplane drink rightful pencil
Goldina.Hutchins86_108,Goldina.Hutchins86,highfalutin mark rain poor flight
Cecily.Dalenna3_769,Cecily.Dalenna3,creepy thread sign tacky moon
Pauly.Yonita26_310,Pauly.Yonita26,gullible birth tremble relieved vest
Karla.Stoops83_835,Karla.Stoops83,perfect organization rank soft volcano
Atlante.Grimaud35_926,Atlante.Grimaud35,tired store guarantee tiny behavior
Henrie.Bain95_193,Henrie.Bain95,repulsive sisters improve alcoholic apparel
Yolanda.Alexio52_378,Yolanda.Alexio52,pretty fear know divergent pie
Lynna.Tullus72_870,Lynna.Tullus72,delightful geese begin tenuous spark
Juditha.Darell6_5,Juditha.Darell6,wooden wrist heat cooperative cave
Delinda.Corbet26_852,Delinda.Corbet26,poor seat spill resonant driving
Katinka.Osborne92_202,Katinka.Osborne92,ceaseless loaf participate roomy power
Kevyn.Diarmit47_900,Kevyn.Diarmit47,roasted father fight bright whistle
Amanda.Andrien92_722,Amanda.Andrien92,clean drawer rid fanatical trail
Ulrike.Fauch24_441,Ulrike.Fauch24,elfin rock clip new dust
Kaye.Madalyn12_259,Kaye.Madalyn12,tough frame formulate muddled crook
Mariann.Kelbee53_326,Mariann.Kelbee53,absurd discussion preach heady can
Clemmie.Ninon28_660,Clemmie.Ninon28,lewd scarf type exultant knot
Sydelle.Lohner39_590,Sydelle.Lohner39,materialistic bag grab mysterious scene
Dottie.Entwistle69_255,Dottie.Entwistle69,ruddy winter prick trite stage
Marleen.Sande90_749,Marleen.Sande90,hellish lumber treat brash day
Waly.Branscum2_463,Waly.Branscum2,quarrelsome texture clear questionable yak
Mariann.Kelbee53_391,Mariann.Kelbee53,dead friends symbolize broken reaction
Trixy.Shulman95_210,Trixy.Shulman95,exclusive jewel shear highfalutin rice
Jammie.Krawczyk52_897,Jammie.Krawczyk52,luxuriant name tumble obnoxious sack
Kaye.Madalyn12_881,Kaye.Madalyn12,smiling bike taste frail train
Tami.Roana28_206,Tami.Roana28,bad channel oriented capricious furniture
Fiann.Keithley50_763,Fiann.Keithley50,aboriginal payment inform disillusioned pipe
Delinda.Corbet26_13,Delinda.Corbet26,watery market connect squealing flight
Kaile.Anthiathia30_5,Kaile.Anthiathia30,momentous glove rehabilitate excellent stage
Cecily.Dalenna3_89,Cecily.Dalenna3,broken punishment coil wooden growth
Amanda.Andrien92_917,Amanda.Andrien92,annoyed summer snatch smiling giraffe
Mona.Aldred89_317,Mona.Aldred89,happy stone count idiotic organization
Abigail.Mountfort18_655,Abigail.Mountfort18,big mom report sordid beam
Phedra.Valora92_846,Phedra.Valora92,brawny pollution waste open porter
Ulrike.Fauch24_536,Ulrike.Fauch24,illegal feast bang groovy parcel
Gert.Morganica29_835,Gert.Morganica29,squeamish playground gaze faded digestion
Goldina.Hutchins86_233,Goldina.Hutchins86,short moon reply squalid tooth
Juditha.Darell6_417,Juditha.Darell6,hysterical car hum big oatmeal
Selestina.Layton97_231,Selestina.Layton97,level smash type adjoining crush
Andi.Tristis88_6,Andi.Tristis88,nauseating bead project careful ground
Faina.Davie55_319,Faina.Davie55,sour summer force lively metal
Billy.Ezaria77_732,Billy.Ezaria77,innocent banana appoint angry root
Kaye.Madalyn12_445,Kaye.Madalyn12,marked carpenter burst deafening spot
Goldina.Hutchins86_129,Goldina.Hutchins86,earthy bomb beat frantic hour
Kevyn.Diarmit47_18,Kevyn.Diarmit47,maddening road perform fair apples
Dottie.Entwistle69_87,Dottie.Entwistle69,roasted grape belong penitent amusement
Daphna.Granny7_751,Daphna.Granny7,gleaming governor grease icky sun
June.Hinkel72_562,June.Hinkel72,raspy feather whisper evasive summer
Madella.Madson90_177,Madella.Madson90,gaudy tongue play needless fork
Kaye.Madalyn12_5,Kaye.Madalyn12,trite doll conceive seemly trade
Goldina.Hutchins86_576,Goldina.Hutchins86,legal flavor sin attractive cap
Yalonda.Serena21_425,Yalonda.Serena21,tacky cherry name obsequious bubble
Tracy.Anzovin65_970,Tracy.Anzovin65,parched quiver scare determined number
Delinda.Corbet26_537,Delinda.Corbet26,productive station cast toothsome stick
Dottie.Entwistle69_372,Dottie.Entwistle69,wasteful throat ignore knowledgeable volcano
Merci.Kutzenco23_278,Merci.Kutzenco23,spooky banana use motionless bread
Madella.Madson90_57,Madella.Madson90,alcoholic dirt correlate righteous dock
Phedra.Valora92_765,Phedra.Valora92,cowardly soup profess thoughtful book
Lorna.Haggi16_72,Lorna.Haggi16,slow number hide combative grade
Kaile.Anthiathia30_954,Kaile.Anthiathia30,feigned scene punish eminent swim
Dosi.Fasano7_39,Dosi.Fasano7,wet water dissect ancient shoe
Kamila.Rosana49_502,Kamila.Rosana49,possessive alley coil verdant person
Abigail.Mountfort18_74,Abigail.Mountfort18,elegant volcano speed magnificent current
Karla.Stoops83_318,Karla.Stoops83,erect snow lend encouraging cherry
Fiona.Garland93_597,Fiona.Garland93,clear burn wait powerful basketball
Victoria.Siloa2_230,Victoria.Siloa2,chivalrous sack qualify invincible income
Nelly.Warga51_679,Nelly.Warga51,outrageous cat warm precious calculator
Lorna.Haggi16_729,Lorna.Haggi16,lazy cook diagnose obtainable north
Abigail.Mountfort18_38,Abigail.Mountfort18,trite toothpaste branch ill produce
Alie.Housum71_436,Alie.Housum71,forgetful pig throw amuck man
Catharine.Galan47_912,Catharine.Galan47,charming adjustment queue bumpy attack
Else.Massey42_471,Else.Massey42,magnificent health annoy grubby cracker
Clemmie.Ninon28_972,Clemmie.Ninon28,wistful thunder wander smooth stranger
Jordain.Fabrianne78_648,Jordain.Fabrianne78,discreet jam arrive kaput cracker
Madonna.Eudoxia88_943,Madonna.Eudoxia88,squeamish bushes whistle efficient skin
Xaviera.Seka93_42,Xaviera.Seka93,super thought smell disagreeable light
Dottie.Entwistle69_199,Dottie.Entwistle69,assorted morning rinse crooked trade
Marleen.Sande90_367,Marleen.Sande90,freezing oranges bubble dashing roof
Yalonda.Serena21_561,Yalonda.Serena21,hellish group withdraw gigantic family
Myra.Jehias49_347,Myra.Jehias49,hysterical religion simplify sticky berry
Mariann.Kelbee53_281,Mariann.Kelbee53,motionless burn cheat youthful twig
Ainslee.Mahmoud29_649,Ainslee.Mahmoud29,defeated organization rejoice damaging rain
Gwenore.Myke59_88,Gwenore.Myke59,knowledgeable top part brainy basin
Honey.Alten11_272,Honey.Alten11,straight lock explode noxious nut
Hanny.Ruffin41_680,Hanny.Ruffin41,internal bee thrive honorable beds
Fiann.Keithley50_695,Fiann.Keithley50,subsequent rate claim motionless grape
Dosi.Fasano7_867,Dosi.Fasano7,wiry poison brake absent field
Florri.Sansbury23_64,Florri.Sansbury23,zealous crime progress soggy governor
Waly.Branscum2_339,Waly.Branscum2,tasty impulse structure fretful yam
Neilla.Chico4_914,Neilla.Chico4,fuzzy sugar translate squealing dad
Trixy.Shulman95_948,Trixy.Shulman95,flashy hydrant applaud neighborly reward
Billy.Ezaria77_336,Billy.Ezaria77,accidental boat misunderstand hushed pear
Kevyn.Diarmit47_793,Kevyn.Diarmit47,imported board normalize jaded brother
Goldina.Hutchins86_261,Goldina.Hutchins86,grieving coach leave organic frog
Daphna.Granny7_528,Daphna.Granny7,didactic amusement kill beautiful beggar
Dottie.Entwistle69_60,Dottie.Entwistle69,lovely bottle pump successful brain
Pauly.Yonita26_206,Pauly.Yonita26,wacky frame arbitrate itchy morning
Honey.Alten11_186,Honey.Alten11,innocent art crush wrong song
Abigail.Mountfort18_868,Abigail.Mountfort18,absorbed cap remain orange attempt
Tammie.Karie99_575,Tammie.Karie99,ethereal gun drink redundant vest
Nelly.Warga51_154,Nelly.Warga51,wistful market withdraw diligent page
Kamila.Rosana49_84,Kamila.Rosana49,heartbreaking mine soak young bead
Ardith.Lundeen8_132,Ardith.Lundeen8,bewildered vase withhold adorable grape
Yalonda.Serena21_110,Yalonda.Serena21,protective flavor avoid illustrious coat
Ainslee.Mahmoud29_861,Ainslee.Mahmoud29,doubtful metal camp ragged mother
Lois.Ibbetson19_479,Lois.Ibbetson19,abrasive seashore own clear dress
Phedra.Valora92_968,Phedra.Valora92,giant kiss predict gleaming boats
Abigail.Mountfort18_91,Abigail.Mountfort18,decorous pull audited equable cause
Billy.Ezaria77_335,Billy.Ezaria77,nifty crayon determine literate arithmetic
Merci.Kutzenco23_223,Merci.Kutzenco23,scandalous camp bind snobbish riddle
Xaviera.Seka93_682,Xaviera.Seka93,classy chalk scrape elfin fifth
Fiona.Garland93_696,Fiona.Garland93,materialistic wrench disprove abiding brick
Daphna.Granny7_20,Daphna.Granny7,horrible feather appreciate upbeat pig
Selestina.Layton97_980,Selestina.Layton97,lopsided sink succeed melodic sun
Yalonda.Serena21_238,Yalonda.Serena21,soft hydrant win teeny authority
Ainsley.Beverly20_716,Ainsley.Beverly20,vengeful plastic brake hesitant place
Dolly.Aribold26_837,Dolly.Aribold26,placid snails suit sloppy cattle
Tami.Roana28_188,Tami.Roana28,guarded territory hear gigantic dinner
Violante.Saffren70_187,Violante.Saffren70,flaky drink begin fair father
Andi.Tristis88_619,Andi.Tristis88,sour money stain nervous field
Selestina.Layton97_555,Selestina.Layton97,inexpensive test set supreme noise
Goldina.Hutchins86_24,Goldina.Hutchins86,goofy temper regulate offbeat week
Suzann.Steffane17_852,Suzann.Steffane17,classy maid recognize tasty comb
Yalonda.Serena21_960,Yalonda.Serena21,alive balloon suffer imported brain
Mariann.Kelbee53_146,Mariann.Kelbee53,inquisitive quince print uncovered start
Billy.Ezaria77_678,Billy.Ezaria77,obnoxious train wet flaky bedroom
Anitra.Blinnie31_524,Anitra.Blinnie31,merciful underwear steal capricious country
Selestina.Layton97_344,Selestina.Layton97,cowardly gate dance jazzy bite
Madonna.Eudoxia88_20,Madonna.Eudoxia88,Early top finalize fallacious cattle
Lynna.Tullus72_968,Lynna.Tullus72,futuristic hose implement trite crib
Jordain.Fabrianne78_502,Jordain.Fabrianne78,ubiquitous fruit leave hard account
Dottie.Entwistle69_302,Dottie.Entwistle69,eager cows mark dapper laborer
Ainslee.Mahmoud29_125,Ainslee.Mahmoud29,ancient money serve nondescript cakes
Florri.Sansbury23_744,Florri.Sansbury23,agonizing road whisper abusive bridge
Alie.Housum71_879,Alie.Housum71,utter breakfast stuff nonstop expert
Kamila.Rosana49_382,Kamila.Rosana49,blue popcorn laugh attractive dust
Tracy.Anzovin65_635,Tracy.Anzovin65,undesirable language pat ordinary gun
Henrie.Bain95_45,Henrie.Bain95,murky tank subtract wandering rabbit
Madella.Madson90_761,Madella.Madson90,vigorous woman live ignorant vein
Marline.Kira17_999,Marline.Kira17,inconclusive ship bounce anxious can
Juditha.Darell6_915,Juditha.Darell6,different weight stuff breakable rifle
Fiann.Keithley50_697,Fiann.Keithley50,gullible bead suggest thundering slip
Adrianna.Coltun59_753,Adrianna.Coltun59,immense stew check grouchy woman
Tracy.Anzovin65_287,Tracy.Anzovin65,silky angle lifted irate degree
Gwenore.Myke59_202,Gwenore.Myke59,wary drug love numerous skirt
Abigale.Elvie14_356,Abigale.Elvie14,melted disgust compete rustic rub
Anitra.Blinnie31_838,Anitra.Blinnie31,scattered mailbox address chivalrous coil
Dolly.Aribold26_105,Dolly.Aribold26,internal clouds untidy lyrical snow
Trixy.Shulman95_348,Trixy.Shulman95,abusive yarn fix teeny-tiny balloon
Fiann.Keithley50_840,Fiann.Keithley50,addicted houses frighten halting wrist
Abigail.Mountfort18_195,Abigail.Mountfort18,fine suit speak envious rule
Violante.Saffren70_493,Violante.Saffren70,horrible rock pay incandescent wilderness
Ainsley.Beverly20_540,Ainsley.Beverly20,upset sink land smoggy balloon
Suzann.Steffane17_960,Suzann.Steffane17,literate fifth x-ray mute coast
Maure.Crescantia31_704,Maure.Crescantia31,womanly weather suspect shivering joke
Wynnie.Ichabod20_873,Wynnie.Ichabod20,gifted quill cut spiffy library
Abigail.Mountfort18_10,Abigail.Mountfort18,condemned guide input devilish cars
Jada.Cacia72_395,Jada.Cacia72,callous grade dry womanly ocean
Suzann.Steffane17_694,Suzann.Steffane17,fierce neck dust accessible swing
Fiona.Garland93_943,Fiona.Garland93,quiet soda time vigorous crime
Clemmie.Ninon28_987,Clemmie.Ninon28,obsequious texture rush wrathful mailbox
Neilla.Chico4_661,Neilla.Chico4,noxious seashore encourage sassy grass
Hanny.Ruffin41_921,Hanny.Ruffin41,faithful receipt inspire boorish banana
Yalonda.Serena21_135,Yalonda.Serena21,crabby pet endure wicked fowl
Rycca.Blackmun67_917,Rycca.Blackmun67,ragged dogs research nondescript self
Delinda.Corbet26_894,Delinda.Corbet26,receptive kite memorize holistic cause
Sydelle.Lohner39_324,Sydelle.Lohner39,addicted hope project combative pickle
Dottie.Entwistle69_386,Dottie.Entwistle69,nutty squirrel disarm clever hate
Faina.Davie55_379,Faina.Davie55,standing walk trace symptomatic flowers
Zaneta.Nanny80_968,Zaneta.Nanny80,loutish bedroom moan lush planes
Kevyn.Diarmit47_304,Kevyn.Diarmit47,imported trade grate tasteless table
Selestina.Layton97_693,Selestina.Layton97,relieved tree prevent jobless day
Violante.Saffren70_618,Violante.Saffren70,big library command demonic plane
Henrie.Bain95_624,Henrie.Bain95,vast friends flap receptive move
Lorna.Haggi16_542,Lorna.Haggi16,lacking pin store brave fight
Kevyn.Diarmit47_24,Kevyn.Diarmit47,abhorrent debt bolt quick nest
Lynna.Tullus72_985,Lynna.Tullus72,pointless jewel simplify raspy effect
Dosi.Fasano7_875,Dosi.Fasano7,unbecoming fish repeat high-pitched partner
Tami.Roana28_202,Tami.Roana28,dull copy deceive tenuous quill
Rycca.Blackmun67_198,Rycca.Blackmun67,giddy doctor pack furtive picture
Ainslee.Mahmoud29_887,Ainslee.Mahmoud29,fat order pinch painful thing
Ardith.Lundeen8_446,Ardith.Lundeen8,resonant station waste berserk shoe
Juditha.Darell6_320,Juditha.Darell6,fanatical pan fasten imaginary stream
Ainsley.Beverly20_412,Ainsley.Beverly20,ugliest bird rinse perfect night
Henrie.Bain95_468,Henrie.Bain95,black snow inject humorous women
Rycca.Blackmun67_237,Rycca.Blackmun67,tan girls admit moaning meat
Lois.Ibbetson19_156,Lois.Ibbetson19,steadfast range bathe magenta island
Suzann.Steffane17_734,Suzann.Steffane17,ahead grass sparkle tired sink
Kaye.Madalyn12_314,Kaye.Madalyn12,cruel vest quit deafening cherry
Nelly.Warga51_420,Nelly.Warga51,imported ear refuse spotless mother
Neilla.Chico4_328,Neilla.Chico4,wide-eyed mitten harass dysfunctional tendency
Yalonda.Serena21_494,Yalonda.Serena21,accurate noise heal cuddly ocean
June.Hinkel72_109,June.Hinkel72,motionless stew describe misty bucket
Annemarie.Pascia4_3,Annemarie.Pascia4,helpful help foretell jumpy plane
Dolly.Aribold26_368,Dolly.Aribold26,cooperative brass sing enthusiastic shop
Victoria.Siloa2_395,Victoria.Siloa2,magenta lift compare laughable mine
Wynnie.Ichabod20_562,Wynnie.Ichabod20,entertaining behavior arrest abstracted temper
Marleen.Sande90_411,Marleen.Sande90,ubiquitous order paste minor sign
Yolanda.Alexio52_158,Yolanda.Alexio52,onerous lawyer release beautiful wall
Annamarie.Ditmore55_275,Annamarie.Ditmore55,alleged feet simplify relieved alley
Merci.Kutzenco23_422,Merci.Kutzenco23,imported drink arbitrate astonishing sign
Madonna.Eudoxia88_176,Madonna.Eudoxia88,blue-eyed playground tabulate adorable head
Calida.Royal65_845,Calida.Royal65,devilish bath slink blue cobweb
Kaile.Anthiathia30_904,Kaile.Anthiathia30,festive slope jog absorbed mom
Marleen.Sande90_77,Marleen.Sande90,furtive range untidy needless balls
Florri.Sansbury23_609,Florri.Sansbury23,wide snake give tense stop
Honor.Jeanna22_577,Honor.Jeanna22,noisy friend divert goofy vacation
Dosi.Fasano7_740,Dosi.Fasano7,comfortable rain realign clumsy cows
Abigail.Mountfort18_477,Abigail.Mountfort18,honorable bike love joyous room
Billy.Ezaria77_308,Billy.Ezaria77,smooth marble sting wide fan
Orelia.Isman92_383,Orelia.Isman92,uppity road beat tan waves
Coralie.Lynsey74_29,Coralie.Lynsey74,clean grip serve tacit partner
Luci.Don18_113,Luci.Don18,magical meal transfer youthful low
Andi.Tristis88_612,Andi.Tristis88,ruthless guitar thank pathetic good-bye
Tami.Roana28_339,Tami.Roana28,labored nerve administer slippery side
Clemmie.Ninon28_889,Clemmie.Ninon28,adaptable dog lose unsuitable sack
Coralie.Lynsey74_498,Coralie.Lynsey74,broken balance present teeny-tiny rock
June.Hinkel72_504,June.Hinkel72,unbecoming crack choose educated mother
Victoria.Siloa2_650,Victoria.Siloa2,ad hoc aunt freeze super fireman
Ainsley.Beverly20_668,Ainsley.Beverly20,wholesale crack wet shaggy owl
Suzann.Steffane17_367,Suzann.Steffane17,joyous geese raise quixotic veil
Maritsa.Crane99_379,Maritsa.Crane99,clammy list plead lowly price
Maritsa.Crane99_86,Maritsa.Crane99,witty night question nauseating kiss
Cora.Rillis87_510,Cora.Rillis87,tightfisted station split economic can
Gwenore.Myke59_712,Gwenore.Myke59,utter fly tap abounding soda
Clemmie.Ninon28_647,Clemmie.Ninon28,innate flag mean languid verse
Gae.Nickles5_239,Gae.Nickles5,massive vegetable crush silly pocket
Yolanda.Alexio52_730,Yolanda.Alexio52,humorous print hear ablaze farmer
Kamila.Rosana49_334,Kamila.Rosana49,steadfast planes bubble tiresome grandmother
Phedra.Valora92_96,Phedra.Valora92,adorable thread fit kindhearted knot
Gwenore.Myke59_983,Gwenore.Myke59,raspy rail reign Early trick
Florri.Sansbury23_113,Florri.Sansbury23,billowy faucet gaze few visitor
Hyacinthe.Leda43_363,Hyacinthe.Leda43,hypnotic example buze super stream
Denise.Baudelaire15_267,Denise.Baudelaire15,large calculator clip mammoth jam
Cora.Rillis87_621,Cora.Rillis87,judicious shake increase quarrelsome farm
Ainsley.Beverly20_117,Ainsley.Beverly20,disturbed month shine needless plot
Hanny.Ruffin41_876,Hanny.Ruffin41,loud club measure abundant coach
Florri.Sansbury23_369,Florri.Sansbury23,ablaze basketball bite tenuous vest
Tami.Roana28_873,Tami.Roana28,woozy teeth hug cool cherries
Gert.Morganica29_328,Gert.Morganica29,incompetent discussion soothe attractive page
Bibi.Magdalene81_328,Bibi.Magdalene81,swift fear change muddy pie
Lynnea.Cordova58_73,Lynnea.Cordova58,vulgar dime conceptualize classy cover
Beverie.Seys75_288,Beverie.Seys75,telling copy curl good rabbit
Calida.Royal65_793,Calida.Royal65,better horn organize heartbreaking north
Mona.Aldred89_174,Mona.Aldred89,noiseless vegetable smile absorbed cable
Tracy.Anzovin65_882,Tracy.Anzovin65,holistic seat evaluate judicious industry
Trixy.Shulman95_762,Trixy.Shulman95,idiotic disease avoid tired clover
Gwenore.Myke59_351,Gwenore.Myke59,ambitious animal work feigned sleet
Loreen.Binnie47_256,Loreen.Binnie47,wary vase quit deeply cemetery
Tandy.Ing85_149,Tandy.Ing85,functional hill sweat scientific tub
Lorna.Haggi16_630,Lorna.Haggi16,faint stick summarize loud jeans
Tracy.Anzovin65_325,Tracy.Anzovin65,moldy sea slink shallow garden
Delinda.Corbet26_937,Delinda.Corbet26,uneven planes disarm rough letter
Dottie.Entwistle69_329,Dottie.Entwistle69,muddy quill murder bloody visitor
Ulrike.Fauch24_447,Ulrike.Fauch24,funny tent reorganize super cannon
Henrie.Bain95_861,Henrie.Bain95,worthless airport level pumped quill
Kevyn.Diarmit47_907,Kevyn.Diarmit47,poised camp dress massive cheese
Lynnea.Cordova58_642,Lynnea.Cordova58,noxious trade spread miniature grass
Tracy.Anzovin65_426,Tracy.Anzovin65,hellish flesh study subdued ground
Bibi.Magdalene81_711,Bibi.Magdalene81,nosy brain diagnose salty scarecrow
Tami.Roana28_891,Tami.Roana28,unaccountable goose kick elfin ship
Suzann.Steffane17_26,Suzann.Steffane17,satisfying pest dig wasteful lunch
Jada.Cacia72_498,Jada.Cacia72,clean pot announce tenuous shoes
Orelia.Isman92_419,Orelia.Isman92,obedient recess close tightfisted chair
Tammie.Karie99_277,Tammie.Karie99,round route research fallacious pancake
Cecily.Dalenna3_383,Cecily.Dalenna3,accessible robin jail lacking train
Dosi.Fasano7_861,Dosi.Fasano7,used feast detail rainy language
Dosi.Fasano7_922,Dosi.Fasano7,taboo cake sip black force
Nelly.Warga51_745,Nelly.Warga51,needless stretch bolt belligerent scarecrow
Clemmie.Ninon28_472,Clemmie.Ninon28,alleged son bounce joyous letters
Andi.Tristis88_545,Andi.Tristis88,upbeat suit doubt sweltering stranger
Selestina.Layton97_8,Selestina.Layton97,aromatic wren strengthen whispering girls
Victoria.Siloa2_10,Victoria.Siloa2,nonchalant apple resolve rambunctious foot
Daphna.Granny7_721,Daphna.Granny7,uncovered dust scrape purring gold
Abigail.Mountfort18_244,Abigail.Mountfort18,incandescent club step exuberant recess
Rycca.Blackmun67_82,Rycca.Blackmun67,dapper sack thrive literate heart
Lethia.Trev84_390,Lethia.Trev84,grouchy earthquake interlay scientific scissors
Cecily.Dalenna3_953,Cecily.Dalenna3,tart sock perfect lush weather
Ainslee.Mahmoud29_520,Ainslee.Mahmoud29,puffy cry run overt chalk
Miguela.Valerlan10_623,Miguela.Valerlan10,youthful division wrestle tan cub
Juditha.Darell6_544,Juditha.Darell6,ordinary form tremble pointless dog
Karla.Stoops83_695,Karla.Stoops83,dazzling goldfish overdraw sloppy snail
Kaye.Madalyn12_519,Kaye.Madalyn12,pointless playground organize chunky branch
Lynna.Tullus72_445,Lynna.Tullus72,ahead company budget absorbed sun
Hanny.Ruffin41_23,Hanny.Ruffin41,moaning toys thaw hurt receipt
Florri.Sansbury23_960,Florri.Sansbury23,scattered lawyer note real quince
Cecily.Dalenna3_236,Cecily.Dalenna3,somber morning join tame answer
Faina.Davie55_189,Faina.Davie55,succinct quill participate murky volleyball
Madella.Madson90_826,Madella.Madson90,hulking sofa time numerous prison
Andi.Tristis88_761,Andi.Tristis88,thinkable stream yell fantastic teeth
Dolly.Aribold26_982,Dolly.Aribold26,obedient house deliver foregoing kitten
Miguela.Valerlan10_976,Miguela.Valerlan10,dramatic list destroy spiffy cave
Pauly.Yonita26_469,Pauly.Yonita26,weary cup drown sweet actor
Neilla.Chico4_41,Neilla.Chico4,x-rated kettle search fabulous rake
Abigale.Elvie14_340,Abigale.Elvie14,ambiguous copy number alluring lake
Alie.Housum71_10,Alie.Housum71,callous joke keep homely icicle
Coralie.Lynsey74_392,Coralie.Lynsey74,many operation trace supreme test
Abigale.Elvie14_223,Abigale.Elvie14,elderly grandfather establish early love
Selestina.Layton97_500,Selestina.Layton97,classy ground rank embarrassed art
Pauly.Yonita26_507,Pauly.Yonita26,oafish liquid drop small kite
Katinka.Osborne92_975,Katinka.Osborne92,sticky place pioneer materialistic pear
Cora.Rillis87_493,Cora.Rillis87,upset crown oriented miniature relation
Kevyn.Diarmit47_497,Kevyn.Diarmit47,fair rat type tested sink
Clemmie.Ninon28_780,Clemmie.Ninon28,illegal tomatoes lean periodic title
Xaviera.Seka93_844,Xaviera.Seka93,voracious aftermath move splendid boy
Tami.Roana28_42,Tami.Roana28,alcoholic day arrange defective daughter
Annamarie.Ditmore55_335,Annamarie.Ditmore55,long point compile upbeat ring
Fiann.Keithley50_682,Fiann.Keithley50,didactic peace arise deep card
Amanda.Andrien92_168,Amanda.Andrien92,tart decision avoid wakeful crayon
Jammie.Krawczyk52_794,Jammie.Krawczyk52,nonchalant soap achieve rustic land
Ainsley.Beverly20_933,Ainsley.Beverly20,petite oatmeal empty agreeable spot
Myra.Jehias49_710,Myra.Jehias49,stingy airport nominate torpid cobweb
Adrianna.Coltun59_429,Adrianna.Coltun59,fierce baseball wobble productive pickle
Torey.Maloy34_62,Torey.Maloy34,sweltering prison tire level elbow
Hanny.Ruffin41_855,Hanny.Ruffin41,melodic trip call noisy name
Maure.Crescantia31_525,Maure.Crescantia31,bloody language send credible pest
Katinka.Osborne92_927,Katinka.Osborne92,rampant brother pick zealous comparison
Fiann.Keithley50_348,Fiann.Keithley50,decisive water wend vague look
Doria.Dorene34_197,Doria.Dorene34,wicked vein irritate accidental pet
Dolly.Aribold26_822,Dolly.Aribold26,tasty sink win annoyed apparel
Miguela.Valerlan10_142,Miguela.Valerlan10,imminent foot injure telling wrist
Billy.Ezaria77_619,Billy.Ezaria77,steep plastic delight fertile ocean
Cecily.Dalenna3_467,Cecily.Dalenna3,hospitable beef hop clever sleet
Myra.Jehias49_198,Myra.Jehias49,industrious fish initiate ultra grain
Moll.Elma53_492,Moll.Elma53,forgetful powder afford protective stage
Dolly.Aribold26_895,Dolly.Aribold26,rampant stranger saw ahead ornament
Coralie.Lynsey74_236,Coralie.Lynsey74,subsequent market rise optimal berry
Fiann.Keithley50_398,Fiann.Keithley50,sparkling yard spell empty money
Ainsley.Beverly20_690,Ainsley.Beverly20,inconclusive rose endure unsuitable partner
Clemmie.Ninon28_831,Clemmie.Ninon28,flagrant lunchroom withhold aggressive week
Tandy.Ing85_437,Tandy.Ing85,unaccountable cook race languid payment
Beverie.Seys75_336,Beverie.Seys75,worthless corn bat meek poison
Ulrike.Fauch24_283,Ulrike.Fauch24,judicious can sweat tearful pump
Kaile.Anthiathia30_558,Kaile.Anthiathia30,offbeat cloud x-ray phobic breakfast
Tandy.Ing85_388,Tandy.Ing85,belligerent love explain unarmed birds
Dottie.Entwistle69_301,Dottie.Entwistle69,inexpensive zoo simplify anxious elbow
Marleen.Sande90_341,Marleen.Sande90,womanly edge tickle blushing vegetable
Katinka.Osborne92_39,Katinka.Osborne92,tacky apparel fasten doubtful amount
Dottie.Entwistle69_42,Dottie.Entwistle69,fortunate hot injure statuesque wealth
Doria.Dorene34_734,Doria.Dorene34,damp brick originate husky vacation
Gae.Nickles5_783,Gae.Nickles5,concerned beetle attack daffy discovery
Neilla.Chico4_311,Neilla.Chico4,fabulous journey swear halting poison
Jammie.Krawczyk52_679,Jammie.Krawczyk52,blue zebra compose placid family
Bibi.Magdalene81_242,Bibi.Magdalene81,rainy shop separate arrogant bait
Dosi.Fasano7_361,Dosi.Fasano7,overconfident education flap giddy peace
Nelly.Warga51_838,Nelly.Warga51,brave title stamp tricky calendar
Maure.Crescantia31_626,Maure.Crescantia31,piquant chin ignore overrated man
Merci.Kutzenco23_970,Merci.Kutzenco23,fast effect greet curious brother
Pearla.Major82_35,Pearla.Major82,tall caption clean offbeat balls
Moll.Elma53_640,Moll.Elma53,ambitious bushes withhold famous unit
Loreen.Binnie47_792,Loreen.Binnie47,unadvised father empty envious tax
Else.Massey42_315,Else.Massey42,madly sheep snatch excited partner
Juditha.Darell6_824,Juditha.Darell6,sticky air install fancy parent
Cecily.Dalenna3_536,Cecily.Dalenna3,moaning cup shoe ashamed cannon
Daphna.Granny7_947,Daphna.Granny7,flowery toes publicize troubled aunt
Fiona.Garland93_55,Fiona.Garland93,billowy health charge rural pancake
Marleen.Sande90_793,Marleen.Sande90,calm owl bake gainful crime
Fiona.Garland93_229,Fiona.Garland93,obsequious downtown ensure meek birthday
Tami.Roana28_488,Tami.Roana28,helpless grade expect sad pail
Henrie.Bain95_450,Henrie.Bain95,statuesque vein cry elated father
Neilla.Chico4_468,Neilla.Chico4,uncovered police speak maniacal fifth
Coralie.Lynsey74_493,Coralie.Lynsey74,bloody toothpaste estimate onerous air
Violante.Saffren70_905,Violante.Saffren70,disgusted stove carve exclusive horse
Abigail.Mountfort18_312,Abigail.Mountfort18,evil heat melt wholesale cap
Abigale.Elvie14_125,Abigale.Elvie14,luxuriant badge suffer robust ink
June.Hinkel72_154,June.Hinkel72,thirsty pencil hunt grotesque meal
Lethia.Trev84_424,Lethia.Trev84,wet increase burst cooing man
Lynna.Tullus72_764,Lynna.Tullus72,judicious tongue foresee guttural fifth
Fiona.Garland93_658,Fiona.Garland93,spiffy throne concern imminent scent
Abigale.Elvie14_217,Abigale.Elvie14,makeshift point finalize inquisitive treatment
Annemarie.Pascia4_859,Annemarie.Pascia4,typical glove knot repulsive railway
Beverie.Seys75_974,Beverie.Seys75,confused moon communicate chunky skirt
Annamarie.Ditmore55_761,Annamarie.Ditmore55,thoughtful clam fight tiny chairs
Goldina.Hutchins86_270,Goldina.Hutchins86,brave copy stare vengeful space
Rycca.Blackmun67_224,Rycca.Blackmun67,energetic music protect maniacal frog
Mona.Aldred89_133,Mona.Aldred89,berserk fear illustrate momentous army
Maure.Crescantia31_923,Maure.Crescantia31,gruesome power whip wet store
Dosi.Fasano7_895,Dosi.Fasano7,successful doll damage melted month
Denise.Baudelaire15_297,Denise.Baudelaire15,troubled horses bring uncovered bean
Rycca.Blackmun67_113,Rycca.Blackmun67,childlike beef post materialistic wave
Madonna.Eudoxia88_733,Madonna.Eudoxia88,economic cough nod ripe meal
Merci.Kutzenco23_174,Merci.Kutzenco23,broad caption organize aberrant activity
Selestina.Layton97_237,Selestina.Layton97,blue horn normalize shaggy clock
Kevyn.Diarmit47_483,Kevyn.Diarmit47,unadvised underwear flood innate sack
Ardith.Lundeen8_603,Ardith.Lundeen8,permissible rain poke hypnotic lawyer
Lorna.Haggi16_567,Lorna.Haggi16,rainy dress wear perfect houses
Violante.Saffren70_569,Violante.Saffren70,vast fact stay bashful toe
Wynnie.Ichabod20_658,Wynnie.Ichabod20,open paste worry disillusioned rate
June.Hinkel72_200,June.Hinkel72,devilish scent process blue-eyed snake
Gwenore.Myke59_287,Gwenore.Myke59,standing water alert yielding circle
Juditha.Darell6_894,Juditha.Darell6,glossy trade fire aggressive attack
Pauly.Yonita26_454,Pauly.Yonita26,lean fifth drain functional winter
Annemarie.Pascia4_32,Annemarie.Pascia4,flaky owner attract unaccountable mice
Ainsley.Beverly20_230,Ainsley.Beverly20,slow joke stick tangy clock
Beverie.Seys75_183,Beverie.Seys75,confused pull bore naive toad
Annamarie.Ditmore55_139,Annamarie.Ditmore55,knowledgeable umbrella expedite protective snake
Henrie.Bain95_254,Henrie.Bain95,fallacious advice become slimy basketball
Pauly.Yonita26_496,Pauly.Yonita26,miniature monkey acted victorious giants
Dottie.Entwistle69_9,Dottie.Entwistle69,absent page expect verdant test
Pauly.Yonita26_804,Pauly.Yonita26,maniacal creator rely divergent minister
Trixy.Shulman95_827,Trixy.Shulman95,distinct hope shave beautiful thread
Sydelle.Lohner39_531,Sydelle.Lohner39,minor class educate undesirable grain
Katinka.Osborne92_781,Katinka.Osborne92,willing plough turn cheerful bulb
Gae.Nickles5_147,Gae.Nickles5,wiry sail pack unadvised plant
Dottie.Entwistle69_457,Dottie.Entwistle69,lamentable boy shed clear cap
Cora.Rillis87_860,Cora.Rillis87,kaput appliance perfect dashing lunchroom
Honey.Alten11_46,Honey.Alten11,uncovered steam attack quickest exchange
Dosi.Fasano7_288,Dosi.Fasano7,square sense say average doctor
Tammie.Karie99_187,Tammie.Karie99,abundant iron stitch gigantic caption
June.Hinkel72_223,June.Hinkel72,friendly frog detail nutty sheet
Honor.Jeanna22_661,Honor.Jeanna22,lucky maid tread soggy camp
Pauly.Yonita26_289,Pauly.Yonita26,addicted interest direct famous hammer
Loreen.Binnie47_835,Loreen.Binnie47,ugly poison name accurate sheet
Pauly.Yonita26_760,Pauly.Yonita26,highfalutin silver attack abiding wave
Catharine.Galan47_40,Catharine.Galan47,flawless goose detail abundant rabbits
Tammie.Karie99_116,Tammie.Karie99,alluring vase reject quixotic hole
Tracy.Anzovin65_822,Tracy.Anzovin65,wiry manager charge sulky development
Torey.Maloy34_126,Torey.Maloy34,lonely women initiate warm rate
Kaile.Anthiathia30_884,Kaile.Anthiathia30,scarce library rot tough afternoon
Merci.Kutzenco23_34,Merci.Kutzenco23,possessive wood compute fretful manager
Trixy.Shulman95_278,Trixy.Shulman95,ethereal bone kiss obscene sweater
Sydelle.Lohner39_157,Sydelle.Lohner39,harmonious voice preside panoramic bath
Tammie.Karie99_353,Tammie.Karie99,homely talk hurt unsightly club
Dosi.Fasano7_241,Dosi.Fasano7,hot playground decide rich operation
Yolanda.Alexio52_430,Yolanda.Alexio52,tasteful sky program bizarre treatment
Myra.Jehias49_493,Myra.Jehias49,faded rain zoom jazzy sheet
Bibi.Magdalene81_33,Bibi.Magdalene81,zealous winter breed instinctive son
Goldina.Hutchins86_188,Goldina.Hutchins86,crabby cord bruise obscene squirrel
Goldina.Hutchins86_950,Goldina.Hutchins86,scary lip uphold neighborly marble
Adrianna.Coltun59_153,Adrianna.Coltun59,strong girl investigate premium payment
Kristyn.Margie19_985,Kristyn.Margie19,enchanting poison attract foolish coal
Xaviera.Seka93_484,Xaviera.Seka93,fresh cheese fear aspiring van
Lynnea.Cordova58_980,Lynnea.Cordova58,subsequent sidewalk balance heartbreaking thing
Anitra.Blinnie31_465,Anitra.Blinnie31,spooky wing please blue-eyed grade
Phedra.Valora92_82,Phedra.Valora92,round doll trade wooden pen
Tracy.Anzovin65_415,Tracy.Anzovin65,skinny vest shelter clammy room
Anitra.Blinnie31_782,Anitra.Blinnie31,ceaseless fifth tug rightful morning
Anitra.Blinnie31_514,Anitra.Blinnie31,sour sun mug reflective plane
Madella.Madson90_957,Madella.Madson90,earthy mom reduce rebellious robin
Clemmie.Ninon28_898,Clemmie.Ninon28,malicious ducks flash entertaining snail
Xaviera.Seka93_616,Xaviera.Seka93,ambiguous clouds squeeze gentle street
Jordain.Fabrianne78_96,Jordain.Fabrianne78,harmonious spark sprout bumpy club
Loreen.Binnie47_36,Loreen.Binnie47,zippy bait dig stale appliance
Jada.Cacia72_175,Jada.Cacia72,fuzzy riddle desert gorgeous brake
Atlante.Grimaud35_138,Atlante.Grimaud35,rough stage remove creepy kite
Amanda.Andrien92_1000,Amanda.Andrien92,swift stream lick alleged boat
Eleen.Gonta56_835,Eleen.Gonta56,quiet moon ascertain chivalrous scarecrow
Ainsley.Beverly20_275,Ainsley.Beverly20,smiling dock tie diligent mist
Billy.Ezaria77_927,Billy.Ezaria77,careful self shop brief brain
Tracy.Anzovin65_843,Tracy.Anzovin65,capricious underwear plug snotty prose
Kevyn.Diarmit47_345,Kevyn.Diarmit47,zany wealth protect muddy brother
Pearla.Major82_209,Pearla.Major82,entertaining scale applied wakeful insect
Rycca.Blackmun67_79,Rycca.Blackmun67,fair quilt protect overt heart
Rycca.Blackmun67_396,Rycca.Blackmun67,dirty destruction repair steady lunch
Honor.Jeanna22_878,Honor.Jeanna22,innocent dress slit zonked basketball
Honor.Jeanna22_215,Honor.Jeanna22,ill pig use productive week
Miguela.Valerlan10_311,Miguela.Valerlan10,moaning root peck silent umbrella
Marline.Kira17_854,Marline.Kira17,fabulous copper slink squalid partner
Fiona.Garland93_272,Fiona.Garland93,many curtain dry mundane scene
Annamarie.Ditmore55_30,Annamarie.Ditmore55,loutish good-bye advise stimulating chair
Else.Massey42_714,Else.Massey42,obsequious farm store hypnotic bath
Mariann.Kelbee53_110,Mariann.Kelbee53,bored gun grate wise basket
Kaile.Anthiathia30_95,Kaile.Anthiathia30,vengeful sound altered motionless tendency
June.Hinkel72_195,June.Hinkel72,sordid glove try daily head
Dosi.Fasano7_216,Dosi.Fasano7,jumbled chin shrink fluttering nose
Jordain.Fabrianne78_878,Jordain.Fabrianne78,glib men concern hellish step
Daphna.Granny7_167,Daphna.Granny7,weary bear instruct jobless gate
Clemmie.Ninon28_665,Clemmie.Ninon28,painstaking stream plug torpid faucet
Calida.Royal65_338,Calida.Royal65,exultant worm file busy cup
Hyacinthe.Leda43_398,Hyacinthe.Leda43,cooperative sand fasten abstracted wash
Abigail.Mountfort18_502,Abigail.Mountfort18,recondite skin tickle imported furniture
Coralie.Lynsey74_984,Coralie.Lynsey74,premium fan care green company
Alie.Housum71_761,Alie.Housum71,honorable bun become auspicious appliance
Marline.Kira17_322,Marline.Kira17,humorous bridge memorize flaky machine
Marleen.Sande90_119,Marleen.Sande90,ordinary butter x-ray skillful quicksand
Ardith.Lundeen8_962,Ardith.Lundeen8,apathetic wrist strap spicy boy
Madella.Madson90_103,Madella.Madson90,capricious nose call dashing cave
Yolanda.Alexio52_449,Yolanda.Alexio52,hapless iron long thirsty swing
Abigale.Elvie14_710,Abigale.Elvie14,sable grade flap hungry thunder
Pauly.Yonita26_621,Pauly.Yonita26,sassy machine collect unable son
Maritsa.Crane99_720,Maritsa.Crane99,scarce language guess muddy bomb
Dosi.Fasano7_323,Dosi.Fasano7,expensive business rain ashamed grade
Lorna.Haggi16_385,Lorna.Haggi16,known play restored high grandmother
Madonna.Eudoxia88_984,Madonna.Eudoxia88,utter fiction conceive feigned trees
Lethia.Trev84_308,Lethia.Trev84,wet harbor control blue-eyed hope
Anitra.Blinnie31_618,Anitra.Blinnie31,illegal room scrub groovy window
