STATUS_ID,USER_ID,STATUS_TEXT
Roshelle.Pironi69_275,Roshelle.Pironi69,didactic beginner counsel snotty cushion
Zondra.Esme53_383,Zondra.Esme53,annoying advertisement bounce venomous battle
Petra.Amador23_988,Petra.Amador23,sweet recess stitch kaput wheel
Margo.Austreng99_321,Margo.Austreng99,piquant boat administer gifted kite
Jasmina.Obie49_891,Jasmina.Obie49,distinct shop stamp attractive humor
Jaclyn.Lola99_805,Jaclyn.Lola99,aboriginal lock wait erect veil
Pierrette.Norbert58_698,Pierrette.Norbert58,didactic wilderness press clammy lizards
Rozalin.Wilkey10_400,Rozalin.Wilkey10,cooing morning pay abaft breakfast
Melantha.Meng52_527,Melantha.Meng52,selective mint sip cheerful bird
Tessi.Dorr17_35,Tessi.Dorr17,nutritious girl preach toothsome mark
Colline.Gen17_849,Colline.Gen17,capricious brain fly plausible desk
Nadiya.Pappas68_728,Nadiya.Pappas68,busy art manipulate overconfident soda
Bili.Lanae93_908,Bili.Lanae93,glamorous grandfather heat light train
Andi.Venice75_701,Andi.Venice75,defeated twig smile scintillating geese
Minta.Shiff4_276,Minta.Shiff4,loving voyage sprout flipped-out spot
Mia.Keese95_758,Mia.Keese95,guttural beef use wealthy lip
Gerladina.Rubia99_426,Gerladina.Rubia99,few rock judge glorious pen
Maryl.Nutter17_762,Maryl.Nutter17,parsimonious hook doubt bizarre pies
Margie.Griggs74_571,Margie.Griggs74,flippant name strap industrious bean
Benedetta.Laddie59_454,Benedetta.Laddie59,murky haircut offend vivacious legs
Lelia.Christiano54_103,Lelia.Christiano54,ripe scent warn foolish thread
Betta.Lucchesi71_496,Betta.Lucchesi71,empty decision shelter motionless coast
Junina.Bayer82_152,Junina.Bayer82,huge umbrella wink chubby hose
Gabbie.Leonteen2_983,Gabbie.Leonteen2,salty basketball load eager wilderness
Stacee.Tine43_480,Stacee.Tine43,quick hat attack lonely guitar
Maridel.Pesek90_727,Maridel.Pesek90,godly beggar put accessible music
Thea.Chill35_568,Thea.Chill35,ripe hall administer permissible tiger
Olive.Fransen86_59,Olive.Fransen86,mindless brothers disapprove thoughtless minister
Gizela.Scott57_45,Gizela.Scott57,fearless passenger attain heady soup
Anstice.Francesca15_156,Anstice.Francesca15,giant pencil counsel screeching frame
Marge.Benilda75_208,Marge.Benilda75,maniacal needle tabulate abject trail
Alvira.Kendell94_392,Alvira.Kendell94,bumpy popcorn happen dry brick
Georgie.Uria75_981,Georgie.Uria75,lacking lawyer claim elderly smash
Carlynn.Darnall81_251,Carlynn.Darnall81,obeisant yam overthrow testy north
Cherrita.Celestyna48_71,Cherrita.Celestyna48,majestic club cough wrathful lunch
Ardenia.Coates24_916,Ardenia.Coates24,parched religion hug vulgar able
Susette.Molly96_582,Susette.Molly96,bloody woman tip crowded tray
Robin.Mehala89_186,Robin.Mehala89,jolly shoe boil didactic sidewalk
Xylina.Micheil86_27,Xylina.Micheil86,nonstop string add materialistic weight
Katharina.Uriia37_629,Katharina.Uriia37,squalid flock choose jealous eggnog
Wandis.Barbara58_795,Wandis.Barbara58,assorted blade prefer flawless balance
Lina.Ivy40_236,Lina.Ivy40,fair song awake salty event
Raye.Kilk35_266,Raye.Kilk35,functional ghost punish possessive visitor
Jonis.Shaughnessy35_851,Jonis.Shaughnessy35,statuesque fork end madly home
Tedi.Dupuis74_747,Tedi.Dupuis74,thinkable grandmother wash deadpan hospital
Kyla.Chapel43_920,Kyla.Chapel43,racial vein systemize strange leather
Isidora.Juliana85_714,Isidora.Juliana85,lean brick beg maddening afternoon
Annabelle.Hollenbeck76_382,Annabelle.Hollenbeck76,open vacation sleep brawny plant
Guinevere.Venn36_163,Guinevere.Venn36,hesitant seashore model observant map
Evelina.Tinya14_618,Evelina.Tinya14,hapless man purchase nutritious arithmetic
Leese.Knutson54_528,Leese.Knutson54,sedate pail knock bashful appliance
Tish.Flanagan4_39,Tish.Flanagan4,zany sack mow brainy heart
Kerry.Zabrine24_559,Kerry.Zabrine24,kaput zebra yawn great coil
Gaye.Arno57_215,Gaye.Arno57,fretful square complete thinkable sack
Rebe.Ailene5_353,Rebe.Ailene5,dusty stage mine melodic berry
Antonetta.Ledda21_178,Antonetta.Ledda21,cuddly tramp bow wasteful border
Claudette.Seabrook26_824,Claudette.Seabrook26,halting question hurry shaggy credit
Alethea.Madelena38_692,Alethea.Madelena38,reminiscent railway adapt cowardly birthday
Annelise.Sheba85_420,Annelise.Sheba85,nice cream clothe homeless ship
Starlene.Smitty89_729,Starlene.Smitty89,imperfect throne target watchful top
Susie.Shara29_312,Susie.Shara29,stingy chickens wink aspiring butter
Janeta.Ten85_112,Janeta.Ten85,reminiscent point withdraw invincible mom
Silvia.Acalia59_991,Silvia.Acalia59,screeching faucet chart pumped ants
Ailis.Garlan3_848,Ailis.Garlan3,agreeable condition depend boorish basketball
Michelina.Cheng44_196,Michelina.Cheng44,awful noise understand level doctor
Orel.Wallie83_815,Orel.Wallie83,gainful silk adapt frail structure
Jemimah.Brenn60_458,Jemimah.Brenn60,uncovered clover bleed rebellious frogs
Fancy.Benny45_827,Fancy.Benny45,learned copper interrupt idiotic branch
Jaclin.Unity85_533,Jaclin.Unity85,tranquil steam study alike surprise
Yetta.Niels6_3,Yetta.Niels6,talented wilderness invent noisy dinosaurs
Giovanna.Zeralda83_961,Giovanna.Zeralda83,smooth earthquake raise purple coast
Latia.Wilow71_983,Latia.Wilow71,hollow water buze wise lip
Freida.Selinda68_69,Freida.Selinda68,callous pig smoke plastic kitten
Gelya.Wein88_47,Gelya.Wein88,ludicrous journey crawl drab bead
Toby.Blanchard25_754,Toby.Blanchard25,wanting step tread famous popcorn
Emily.Ninon90_83,Emily.Ninon90,seemly writer flap innocent steel
Merline.Leavy83_178,Merline.Leavy83,waggish secretary develop attractive form
Maris.Jentoft58_563,Maris.Jentoft58,many bed march rotten rifle
Susannah.Outhe46_639,Susannah.Outhe46,distinct van tumble overrated art
Corny.Kisung52_156,Corny.Kisung52,deranged goldfish amuse helpful sheet
Maris.Vonnie25_256,Maris.Vonnie25,gorgeous uncle specify unsuitable banana
Elva.Merriott96_164,Elva.Merriott96,tightfisted title discover beautiful father
Malena.Harwin90_433,Malena.Harwin90,sore reward end hurried jam
Melodie.Twedy75_189,Melodie.Twedy75,afraid grandfather bruise therapeutic spot
Marlena.Cecilla66_534,Marlena.Cecilla66,majestic smell adapt premium eyes
Corinne.Salahi91_148,Corinne.Salahi91,standing bedroom wink raspy afternoon
Livia.Aphrodite95_938,Livia.Aphrodite95,selective cable type black believe
Rebe.Cerell37_721,Rebe.Cerell37,stereotyped bikes swell abandoned giraffe
Angy.Piselli51_810,Angy.Piselli51,imperfect rhythm rub jittery robin
Kirbee.Foulk44_738,Kirbee.Foulk44,economic rose hit giant clover
Tiffy.Ignacio45_468,Tiffy.Ignacio45,utter pet contract wonderful mailbox
Calida.Zena11_558,Calida.Zena11,wholesale attempt encourage smelly lunchroom
Lissi.Koehler95_613,Lissi.Koehler95,absurd can seal idiotic cabbage
Sybilla.Kho27_618,Sybilla.Kho27,used patch jam abrasive roof
Lynna.Johnsten90_394,Lynna.Johnsten90,young error satisfy green letter
Gracie.Corette21_130,Gracie.Corette21,mute fish fill bored sun
Auria.Samy25_520,Auria.Samy25,victorious brain jump resonant dust
Millisent.Bartko6_586,Millisent.Bartko6,domineering chance uphold languid bat
Joli.Ethelin73_975,Joli.Ethelin73,overwrought believe slow huge sink
Elga.Ludmilla64_886,Elga.Ludmilla64,absent playground cycle weak milk
Cherye.Modla67_994,Cherye.Modla67,sweet planes assure assorted trucks
Leese.Knutson54_81,Leese.Knutson54,nutritious lace procure low leaf
Marje.Jeanie14_948,Marje.Jeanie14,credible cream foretell tiny home
Chandal.Seana36_126,Chandal.Seana36,blue laborer shock filthy bait
Tiffie.Mall20_638,Tiffie.Mall20,royal planes hear noisy rail
Melody.William23_298,Melody.William23,narrow answer frighten happy agreement
Delilah.Blim24_637,Delilah.Blim24,relieved question melt dramatic marble
Erina.Lody14_383,Erina.Lody14,verdant measure log poised degree
Datha.Masson5_543,Datha.Masson5,overt treatment smile clever can
Cherye.Modla67_600,Cherye.Modla67,blue dinner arise tan fuel
Renata.Berkow79_167,Renata.Berkow79,royal shop prick nice eggnog
Amii.Elwina10_561,Amii.Elwina10,childlike wall interrupt overjoyed summer
Wallis.Eastman6_525,Wallis.Eastman6,faithful creature memorize agreeable end
Elinore.Collyer60_461,Elinore.Collyer60,adhesive sun smash abject mailbox
Harrietta.Areta72_129,Harrietta.Areta72,cloudy interest shear minor salt
Fanechka.God29_120,Fanechka.God29,agreeable maid run wide cord
Patti.Craggie7_969,Patti.Craggie7,permissible blow thrust yummy gold
Melody.Arella40_2,Melody.Arella40,wise jeans interlay accessible increase
Corene.Marras32_120,Corene.Marras32,foamy string wriggle towering scent
Zitella.Diandre66_767,Zitella.Diandre66,rabid agreement streamline sad event
Nance.Daisie57_8,Nance.Daisie57,homely clover compare fanatical scent
Carol-Jean.Woehick85_451,Carol-Jean.Woehick85,annoyed wish tutor teeny rat
Laurette.Corella52_628,Laurette.Corella52,sharp gun install ceaseless pies
Paulita.Bacchus15_590,Paulita.Bacchus15,didactic birth consolidate rabid badge
Latia.Wilow71_553,Latia.Wilow71,strong aftermath number dark cactus
Bidget.Philipa46_651,Bidget.Philipa46,ludicrous society led somber wrench
Aggi.Haden18_511,Aggi.Haden18,sloppy breakfast select wee hope
Sybilla.Kho27_892,Sybilla.Kho27,alert fog hypothesize poised hair
Sybilla.Kho27_774,Sybilla.Kho27,ugliest throat kick disturbed oatmeal
Morganica.Kleon26_527,Morganica.Kleon26,smooth coat weave ceaseless beetle
Dorella.Kraus41_625,Dorella.Kraus41,bawdy key record condemned bike
Sidonia.Bentlee37_706,Sidonia.Bentlee37,sloppy receipt please clumsy parent
Staci.Royal18_294,Staci.Royal18,greasy lettuce conceive mysterious rainstorm
Wynne.Doughman82_218,Wynne.Doughman82,optimal cow groan curious edge
Dusty.Cohleen58_103,Dusty.Cohleen58,brainy part test tasty mist
Darcey.MacPherson28_278,Darcey.MacPherson28,obscene goose rot shy nose
Elvira.Valina54_771,Elvira.Valina54,sore store encourage jittery hot
Dasie.Rora15_842,Dasie.Rora15,illustrious star man open water
Mildred.Derby2_633,Mildred.Derby2,vacuous edge matter puzzled cup
Fiorenze.Efram94_987,Fiorenze.Efram94,careful vest overflow spectacular steel
Starr.Geordie69_812,Starr.Geordie69,vague knot book breakable kick
Jaine.Delphina57_191,Jaine.Delphina57,sharp glue concern flippant arithmetic
Lilas.Nahama58_31,Lilas.Nahama58,spotless juice weigh great current
Pierrette.Norbert58_774,Pierrette.Norbert58,bored glove confess adamant neck
Corri.Meagan90_395,Corri.Meagan90,fresh branch detail amused end
Stephie.Carman58_243,Stephie.Carman58,symptomatic knee draw faded advertisement
Catherina.Wynny64_206,Catherina.Wynny64,unusual playground intend sweet breakfast
Millisent.Bartko6_693,Millisent.Bartko6,known breakfast bind icy tent
Maryl.Nutter17_124,Maryl.Nutter17,tranquil women extract selective dust
Collette.Benilda26_819,Collette.Benilda26,vast partner mend barbarous doll
Angelica.Kallick10_577,Angelica.Kallick10,tall wool strip scrawny fact
Janelle.Werra92_749,Janelle.Werra92,assorted point bat godly camera
Windy.Brill87_119,Windy.Brill87,abrupt wilderness squash lopsided kitten
Alyson.Azelea15_190,Alyson.Azelea15,unusual wish reflect happy honey
Danny.Evvy55_391,Danny.Evvy55,muddled room owe alive pen
Leila.Coleville83_504,Leila.Coleville83,axiomatic slave enlist acoustic horn
Bebe.Marou24_516,Bebe.Marou24,slimy straw clothe harsh beds
Caro.Gilemette81_39,Caro.Gilemette81,freezing grass monitor knotty spiders
Seana.Husch41_499,Seana.Husch41,taboo zephyr perceive deep bun
Danny.Evvy55_1000,Danny.Evvy55,wicked education delight quiet religion
Jori.Liva99_129,Jori.Liva99,important dolls dispense motionless driving
Teriann.Rosamund36_392,Teriann.Rosamund36,yummy hope relate light lettuce
Sherri.Ky86_206,Sherri.Ky86,bored hen work fanatical bedroom
Julissa.Kus90_162,Julissa.Kus90,super breath dive modern goat
Luce.Ress54_387,Luce.Ress54,garrulous love assemble dazzling size
Linnea.Brogle49_419,Linnea.Brogle49,rich hose justify abounding hope
Livia.Aphrodite95_119,Livia.Aphrodite95,accidental bushes rely jolly plane
Florina.Catlee25_457,Florina.Catlee25,belligerent wash point callous skate
Gilbertine.Renado3_215,Gilbertine.Renado3,breakable wind stick wiry hall
Grier.Holsworth48_975,Grier.Holsworth48,precious dinosaurs promise callous fireman
Zara.Gaeta39_303,Zara.Gaeta39,squealing badge achieve uppity eggnog
Carilyn.Dinsdale59_143,Carilyn.Dinsdale59,glossy hat log wealthy aunt
Barbabra.Blayne66_9,Barbabra.Blayne66,abashed hobbies cut overjoyed statement
Daloris.Sitarski97_324,Daloris.Sitarski97,angry father enforce wealthy passenger
Zitella.Diandre66_139,Zitella.Diandre66,didactic reward watch stale line
Friederike.Bolme92_639,Friederike.Bolme92,plastic grandfather whistle maniacal vegetable
Lyndsey.Fagin83_779,Lyndsey.Fagin83,sweet sisters stop aspiring whip
Marys.Brett1_714,Marys.Brett1,poor cap return colossal birthday
Ali.Ann51_747,Ali.Ann51,noisy building swear spurious horse
Corrine.Kaiulani85_113,Corrine.Kaiulani85,noiseless home grind raspy afternoon
Marcella.Zehe64_293,Marcella.Zehe64,lackadaisical hole sew rampant shape
Myrle.Basil28_790,Myrle.Basil28,thirsty toy haunt luxuriant sign
Cornelia.Vasileior59_713,Cornelia.Vasileior59,wooden birds express tasty aunt
Danit.Berni57_189,Danit.Berni57,uninterested unit uphold stupid purpose
Kassi.Tooley15_40,Kassi.Tooley15,macabre waste shave colorful pet
Melita.Mast15_981,Melita.Mast15,plain caption forecast decisive marble
Valentina.Jann63_395,Valentina.Jann63,eminent destruction choke repulsive ducks
Virginia.Nordine36_319,Virginia.Nordine36,disillusioned mice compile wary picture
Arabel.Kirit28_989,Arabel.Kirit28,misty legs injure capricious spade
Chloette.Brag19_816,Chloette.Brag19,erratic pancake play selfish apple
Leshia.Schaeffer91_494,Leshia.Schaeffer91,evanescent push detect holistic ghost
Angelia.Sigvard57_513,Angelia.Sigvard57,disagreeable reading spill optimal self
Renelle.Ogilvie29_804,Renelle.Ogilvie29,thirsty wind protect heavenly kitten
Dasie.Denny58_517,Dasie.Denny58,overconfident sheet punch acrid riddle
Roze.Marko29_987,Roze.Marko29,skillful pull beat hesitant cat
Annemarie.Placido33_97,Annemarie.Placido33,blushing dog jail horrible milk
Delora.Constantin55_163,Delora.Constantin55,fuzzy lace bet macho shoes
Nadiya.Johppa11_614,Nadiya.Johppa11,knowledgeable furniture command average bait
Dorie.Ortensia67_29,Dorie.Ortensia67,auspicious dust breathe wee roof
Ursula.Farica66_983,Ursula.Farica66,awful boundary plug noiseless throne
Sher.Hrutkay3_153,Sher.Hrutkay3,grubby ocean shock rapid van
Zabrina.O'Rourke36_712,Zabrina.O'Rourke36,happy cactus wrestle panicky winter
Lorelle.Flora75_846,Lorelle.Flora75,utter gun escape parsimonious children
Dedie.Pooley3_659,Dedie.Pooley3,clever beef launch hulking quartz
Pauli.Ander84_74,Pauli.Ander84,icy activity procure short airplane
Enrika.Benkley61_359,Enrika.Benkley61,sordid peace pop satisfying notebook
Sarita.Modeste48_476,Sarita.Modeste48,swift bottle harm boorish copy
Clarine.Gintz32_276,Clarine.Gintz32,workable baby compile fabulous middle
Ebonee.Fred35_65,Ebonee.Fred35,statuesque butter branch nebulous hole
Annabelle.Jules46_989,Annabelle.Jules46,orange wind sketch cloudy oatmeal
Ferdinanda.Johst69_69,Ferdinanda.Johst69,watchful yoke shut erect airport
Minta.Shiff4_510,Minta.Shiff4,victorious coat overflow homely approval
Ali.Ann51_630,Ali.Ann51,dramatic banana earn ossified hall
Gisella.Sankaran98_722,Gisella.Sankaran98,ragged distribution assemble nasty horn
Tobi.Jamil14_867,Tobi.Jamil14,finicky metal establish wide wax
Brooks.Allista25_91,Brooks.Allista25,dangerous brain reproduce boiling holiday
Rianon.Socrates17_333,Rianon.Socrates17,flawless crayon broadcast incompetent woman
Maitilde.Thornburg97_813,Maitilde.Thornburg97,lavish advice be naughty faucet
Katrina.Xymenes75_698,Katrina.Xymenes75,craven system handwrite elderly believe
Albertine.Ilise23_223,Albertine.Ilise23,sordid star rehabilitate barbarous bit
Zarah.Wilfrid82_492,Zarah.Wilfrid82,smelly disgust snore small hair
Sharline.Demott97_48,Sharline.Demott97,warlike net audited daffy rain
Aleda.Prescott12_47,Aleda.Prescott12,diligent pancake investigate victorious cactus
Thea.Chill35_196,Thea.Chill35,noisy route advise satisfying notebook
Shane.Adkins61_396,Shane.Adkins61,belligerent answer phone terrible detail
Nona.Walsh88_6,Nona.Walsh88,various recess trust smelly wax
Lyndsey.Fagin83_643,Lyndsey.Fagin83,somber cub know plucky sweater
Cecilia.Abram83_358,Cecilia.Abram83,elderly lunch transport uninterested pan
Dedie.Pooley3_534,Dedie.Pooley3,whimsical achiever sniff poised appliance
Blondelle.Sigismond32_258,Blondelle.Sigismond32,wrong actor preset godly dime
Lynnea.Enrika40_601,Lynnea.Enrika40,noisy rabbit spend thankful wilderness
Cassy.Rothmuller71_461,Cassy.Rothmuller71,foolish dad jail large power
Geneva.Adamok11_841,Geneva.Adamok11,assorted lunchroom bite bad fifth
Christean.Berti34_818,Christean.Berti34,arrogant daughter jump odd aunt
Letizia.Gerge34_779,Letizia.Gerge34,shrill coach zip fuzzy thing
Merola.Vivia57_314,Merola.Vivia57,disagreeable furniture guess abhorrent mask
Vicki.Stoops55_339,Vicki.Stoops55,plucky lace sink tightfisted sofa
Leticia.Rollins61_586,Leticia.Rollins61,tacit sponge sweat recondite rake
Jorry.Mulvihill79_694,Jorry.Mulvihill79,pretty railway formulate literate expansion
Charin.Ark32_787,Charin.Ark32,thankful division recruit miscreant degree
Lita.Sheffield38_836,Lita.Sheffield38,huge skin publicize gentle health
Audie.Balmuth23_557,Audie.Balmuth23,super tongue mentor vacuous sister
Tamqrah.Gilmore2_628,Tamqrah.Gilmore2,quick rate smile rough fire
Mariam.Gonsalve61_872,Mariam.Gonsalve61,nutritious voyage deliver demonic sort
Vannie.Boland62_861,Vannie.Boland62,noiseless scene admire murky face
Janot.Drabeck42_499,Janot.Drabeck42,skillful pocket ski psychotic development
Valencia.Dietsche96_439,Valencia.Dietsche96,auspicious substance harm gentle toy
Juieta.Myrt34_968,Juieta.Myrt34,lopsided steam integrate labored flowers
Jacklin.Shae16_913,Jacklin.Shae16,naive airport publicize jaded title
Tanya.Lamb27_337,Tanya.Lamb27,nasty paste construct weary camera
Lily.Law60_706,Lily.Law60,sour class tutor observant smile
Francene.Derte24_467,Francene.Derte24,sneaky marble attack agreeable straw
Iolanthe.Vedi8_577,Iolanthe.Vedi8,bitter porter exercise good lamp
Bonnee.Raseda20_911,Bonnee.Raseda20,lush trip multiply plastic bead
Brenda.Angelica14_510,Brenda.Angelica14,animated corn overtake joyous seed
Cherianne.Berenice99_373,Cherianne.Berenice99,odd goldfish face real animal
Kora.Marmawke8_269,Kora.Marmawke8,harsh umbrella work hysterical dime
Brittne.Econah85_486,Brittne.Econah85,royal stove proofread terrible crow
Daria.Tessler7_53,Daria.Tessler7,fragile veil overthrow economic society
Clarette.Scarlett66_27,Clarette.Scarlett66,credible pan participate grotesque vein
Coletta.Boyce27_314,Coletta.Boyce27,gigantic dust pump scattered club
Crystie.Banks82_23,Crystie.Banks82,likeable theory spend burly haircut
Valida.Hendrick10_789,Valida.Hendrick10,cool monkey buze hulking grip
Ingunna.Anallese8_728,Ingunna.Anallese8,colossal patch shake clever hat
Kellen.Argyle78_790,Kellen.Argyle78,cheerful debt kiss obsolete hate
Kissiah.Aspia38_180,Kissiah.Aspia38,faithful airport rejoice important car
Mariette.Thrasher45_311,Mariette.Thrasher45,numerous pet inlay mature expert
Blondy.Lauren31_165,Blondy.Lauren31,vivacious tub rehabilitate scandalous bread
Eileen.Carlynne36_845,Eileen.Carlynne36,draconian wrist organize rough yak
Anna-Maria.Rosaline33_14,Anna-Maria.Rosaline33,handsome list extract exotic apples
Clio.Wivestad48_205,Clio.Wivestad48,placid brass foresee royal sponge
Bernadene.Delija68_879,Bernadene.Delija68,fierce noise telephone sulky screw
Loralie.Desberg40_836,Loralie.Desberg40,alcoholic clover kept purple carpenter
Loni.Gerrald75_628,Loni.Gerrald75,ragged brothers heap abiding holiday
Melonie.Elston1_97,Melonie.Elston1,political cat implement brash heat
Norean.Marceau90_142,Norean.Marceau90,raspy beef plead muddy visitor
Esmeralda.Clara90_2,Esmeralda.Clara90,aromatic army rub chunky goldfish
Casey.Orlando21_502,Casey.Orlando21,excellent flesh groan ossified servant
Kate.Bush54_158,Kate.Bush54,observant partner spit absorbed reading
Shawn.Verena70_429,Shawn.Verena70,alluring money wash loutish clouds
Nicoli.Chelsie93_313,Nicoli.Chelsie93,nice cup leap accidental peace
Fredra.Pega10_845,Fredra.Pega10,animated sisters hug idiotic metal
Vivianne.Noma51_974,Vivianne.Noma51,historical boat depend small clam
Micaela.VanHook85_165,Micaela.VanHook85,debonair fairies shut wakeful reason
Aimil.Christopher88_909,Aimil.Christopher88,curly dog pilot finicky receipt
Charin.Ark32_775,Charin.Ark32,narrow plate cross black duck
Casey.Orlando21_565,Casey.Orlando21,heartbreaking cattle utilize wild bells
Jessalin.Coke90_962,Jessalin.Coke90,delicious vest reach billowy debt
Aubrey.Farmelo48_606,Aubrey.Farmelo48,omniscient downtown alert faulty flag
Corinne.Salahi91_653,Corinne.Salahi91,wise pies interpret brief fifth
Papagena.Zeitler90_262,Papagena.Zeitler90,outstanding fruit sense lonely houses
Anette.Chavey43_97,Anette.Chavey43,different tent restructure sulky lace
Allx.Karlyn60_485,Allx.Karlyn60,symptomatic creator ignore hungry account
Mechelle.Kristof78_428,Mechelle.Kristof78,abundant plants joke fuzzy secretary
Julita.Neilla89_190,Julita.Neilla89,cooing trick blot deranged grandfather
Almeta.Nogas7_669,Almeta.Nogas7,rightful rub conceive mindless education
Sissie.Andromede43_399,Sissie.Andromede43,detailed snail behave scattered step
Thomasa.Seraphine46_406,Thomasa.Seraphine46,outrageous giraffe peel calm man
Francoise.Eraste32_93,Francoise.Eraste32,snobbish underwear stamp wiry daughter
Arlyne.Sandell46_221,Arlyne.Sandell46,hallowed quicksand counsel ancient finger
Shanta.Rollo87_173,Shanta.Rollo87,sweltering basin yell nappy cup
Clarita.Azal80_758,Clarita.Azal80,excellent ocean matter quiet finger
Aarika.Leclair86_420,Aarika.Leclair86,cagey wound resolve slow picture
Letisha.Vershen94_830,Letisha.Vershen94,cooing sack invite satisfying fly
Gwenore.Cimah66_264,Gwenore.Cimah66,belligerent sticks enhance muddled aunt
Issy.Laden36_166,Issy.Laden36,adjoining answer relate substantial garden
Arabella.Dario75_515,Arabella.Dario75,merciful person influence uninterested son
Tess.Rozamond90_696,Tess.Rozamond90,wakeful steel warm x-rated plant
Jemie.Nada28_751,Jemie.Nada28,graceful toes scream frightened bath
Leticia.Rollins61_7,Leticia.Rollins61,ugliest cellar repeat changeable breakfast
Dorine.Wahlstrom91_398,Dorine.Wahlstrom91,obtainable weather warm grieving fork
Jill.Byron45_636,Jill.Byron45,guiltless sail integrate pumped crown
Dayle.Tonia78_64,Dayle.Tonia78,lying example slay flashy butter
Danny.Evvy55_665,Danny.Evvy55,abject playground disarm majestic pancake
Nicky.Cirone92_110,Nicky.Cirone92,dramatic cave boil jaded suggestion
Helsa.Stelu11_613,Helsa.Stelu11,sincere cracker dispense utopian discussion
Jewell.Havener33_667,Jewell.Havener33,lying sofa sort lamentable dust
Nina.Killian80_143,Nina.Killian80,redundant grandmother distribute greasy step
Gretta.Lamprey98_831,Gretta.Lamprey98,envious family steer disgusted farm
Melly.Tarabar82_649,Melly.Tarabar82,forgetful map bare fretful attack
Lainey.Lukin33_471,Lainey.Lukin33,smelly market compare friendly current
Valery.Koralie49_133,Valery.Koralie49,selfish cherry count lamentable bikes
Yvette.McBride32_858,Yvette.McBride32,bumpy lake knot thankful finger
Alejandra.Latrena75_897,Alejandra.Latrena75,foregoing curtain preach questionable goose
Cathlene.Audy24_776,Cathlene.Audy24,eatable drawer type maniacal maid
Stoddard.Allie56_351,Stoddard.Allie56,ultra pancake rise exultant glove
Elva.Merriott96_860,Elva.Merriott96,shivering babies kiss great jelly
Romona.Celle31_248,Romona.Celle31,childlike spy telephone splendid rate
Bria.Sidonie50_496,Bria.Sidonie50,giant toothbrush applied likeable feast
Heddi.Hy23_450,Heddi.Hy23,racial harbor spill fine show
Merola.Vivia57_158,Merola.Vivia57,abiding reading release gullible tree
Nicky.Demmy13_592,Nicky.Demmy13,discreet able promote unusual beetle
Leshia.Schaeffer91_772,Leshia.Schaeffer91,seemly activity sniff foolish locket
Charleen.Gautier37_309,Charleen.Gautier37,tacky toothbrush go devilish apples
Shellie.Eustashe31_365,Shellie.Eustashe31,busy income buy internal cattle
Sada.Heffron80_733,Sada.Heffron80,earsplitting lake chew lively man
Adelina.Cloots10_480,Adelina.Cloots10,rainy field bet sweltering trains
Odilia.Efram47_81,Odilia.Efram47,watchful act reduce ceaseless turkey
Hedi.Mera24_464,Hedi.Mera24,pleasant snake rain instinctive bun
Marni.Alla87_322,Marni.Alla87,fierce shoe spoil labored committee
Kelsey.Daniella25_631,Kelsey.Daniella25,horrible kitten preset curved afternoon
Kaitlynn.Idoux25_361,Kaitlynn.Idoux25,supreme laborer earn giant clocks
Jacquette.Tiphany69_5,Jacquette.Tiphany69,mysterious fact zip snobbish string
Teresa.Lonne61_776,Teresa.Lonne61,whispering cast let ad hoc week
Riannon.Ellinger73_697,Riannon.Ellinger73,rich oatmeal excuse statuesque kiss
Marla.Verlee30_900,Marla.Verlee30,oval sugar overdraw truculent toes
Jillene.Catherine28_451,Jillene.Catherine28,erect play generate lean babies
Francesca.Rona59_83,Francesca.Rona59,absorbing way part dapper smell
Stephanie.Nanice92_300,Stephanie.Nanice92,fretful marble transcribe wee crush
Benedicta.Perry7_910,Benedicta.Perry7,subdued crate wring heavy carpenter
Aleece.Dianna76_117,Aleece.Dianna76,teeny key agree obsequious room
Mariette.Thrasher45_778,Mariette.Thrasher45,drab zoo wail upbeat dirt
Madlin.Zelikow82_371,Madlin.Zelikow82,husky plastic earn stereotyped language
Drucy.Tommie74_936,Drucy.Tommie74,barbarous rain wait woozy sheep
Helsa.Watson17_951,Helsa.Watson17,orange cactus assess blue-eyed sleep
Harrie.Crandale26_255,Harrie.Crandale26,reminiscent pin greet utter stranger
Tommie.Riocard58_572,Tommie.Riocard58,trite bike leave seemly mist
Calida.Zena11_546,Calida.Zena11,dead growth nail freezing beggar
Moria.Hobart16_965,Moria.Hobart16,numberless income reinforce bloody prose
Melodie.Twedy75_263,Melodie.Twedy75,absurd cactus detect decorous bottle
Brigitta.Toffey95_282,Brigitta.Toffey95,vague trail misunderstand amuck pizzas
Shalna.Kamp65_877,Shalna.Kamp65,vast coach press tested legs
Shelby.Schnorr98_608,Shelby.Schnorr98,aggressive aunt decide steadfast print
Benedicta.Perry7_560,Benedicta.Perry7,known head dance garrulous pocket
Ameline.Vale47_823,Ameline.Vale47,selective root buze oval women
Adrian.Bruckner51_727,Adrian.Bruckner51,callous sign program deep trick
Jori.Liva99_343,Jori.Liva99,axiomatic pot stamp fallacious linen
Jordana.Ling78_890,Jordana.Ling78,ritzy hill dam zippy dogs
Terza.Spanos95_856,Terza.Spanos95,lavish bike lecture aloof pets
Kiah.Strephon72_752,Kiah.Strephon72,gigantic quince lean scattered holiday
Lanita.Seften75_703,Lanita.Seften75,motionless pet saw habitual beginner
Brina.Mitchiner73_801,Brina.Mitchiner73,gifted number stroke silent discovery
Nanci.Bahner37_599,Nanci.Bahner37,witty snake copy judicious banana
Margarette.Helbon55_115,Margarette.Helbon55,wanting dock park whimsical power
Janela.Kenji65_238,Janela.Kenji65,noiseless shock beg legal night
Wilone.Harpp79_652,Wilone.Harpp79,guarded cakes respond lush plane
Jordanna.Garlan18_463,Jordanna.Garlan18,sleepy bath slink foolish team
Murielle.Zacarias59_153,Murielle.Zacarias59,ambiguous plane simplify undesirable locket
Maris.Jentoft58_259,Maris.Jentoft58,encouraging sugar play rabid brush
Windy.Drooff82_856,Windy.Drooff82,selfish plot race demonic pie
Roxanne.Tewfik91_282,Roxanne.Tewfik91,deep brake jump boring boundary
Rhodie.Tzong58_105,Rhodie.Tzong58,terrible bird trade fine jelly
Sabina.Coppins13_935,Sabina.Coppins13,obedient sense complete ambitious potato
Randie.Stoeber62_521,Randie.Stoeber62,young maid review possessive care
Tedi.Bowerman14_160,Tedi.Bowerman14,successful scale project wiry snow
Sandy.Eadmund35_542,Sandy.Eadmund35,knotty basketball transfer scandalous riddle
Beverley.Ferne35_438,Beverley.Ferne35,silent learning tug fascinated sleep
Joana.Keiko82_879,Joana.Keiko82,undesirable giants sense changeable touch
Norri.Lilah50_673,Norri.Lilah50,wild noise drown silent yard
Kiley.Liva40_797,Kiley.Liva40,cultured cakes win deadpan waves
Dona.Mayor84_758,Dona.Mayor84,dysfunctional slip exist enchanting circle
Stoddard.Allie56_141,Stoddard.Allie56,cruel bike start excited things
Karlee.Standley36_108,Karlee.Standley36,fair heart preserve arrogant music
Lenka.Barthold14_39,Lenka.Barthold14,flagrant meal smile mute throat
Barrie.Berman82_850,Barrie.Berman82,flowery attention appear straight ball
Rae.Sedlik55_123,Rae.Sedlik55,verdant walk leave berserk pancake
Clerissa.Gayleen21_58,Clerissa.Gayleen21,spiritual activity specify careful notebook
Jaimie.Hogue89_585,Jaimie.Hogue89,adamant grip administer worried police
Lynea.Rema75_12,Lynea.Rema75,statuesque parcel alert synonymous giraffe
Lyndel.Blight89_667,Lyndel.Blight89,poised dust fear flawless crow
Linell.Hurlee60_325,Linell.Hurlee60,friendly beam suggest yummy tank
Michelina.Cheng44_445,Michelina.Cheng44,nonchalant kite itch educated anger
Reina.Fernandes69_461,Reina.Fernandes69,wet swing precede nonstop popcorn
Aundrea.Trici98_907,Aundrea.Trici98,needy week soothsay adaptable wrist
Daloris.Sitarski97_81,Daloris.Sitarski97,sleepy cabbage squash busy wing
Fern.Ignatius68_449,Fern.Ignatius68,momentous stretch see talented appliance
Kerrie.Gaynor83_734,Kerrie.Gaynor83,pointless badge surprise skillful beginner
Alisun.Wachter85_833,Alisun.Wachter85,peaceful spoon part flat tin
Mirabelle.Bibbie95_969,Mirabelle.Bibbie95,parched fire coordinate bizarre condition
Sharia.Boff2_790,Sharia.Boff2,functional cord solve taboo current
Eula.Webb11_676,Eula.Webb11,motionless circle itch shocking flock
Lily.Law60_984,Lily.Law60,venomous rice murder ludicrous cook
Carlynn.Christalle46_648,Carlynn.Christalle46,prickly week undress late crib
Babb.Bobbette70_556,Babb.Bobbette70,versed bridge guard deeply water
Tim.Felske45_103,Tim.Felske45,gorgeous insurance bruise gigantic rings
Cassandre.Mirielle78_762,Cassandre.Mirielle78,adamant match invent bloody railway
Candida.Harim45_123,Candida.Harim45,brave neck bow unsightly treatment
Stepha.Faxen33_128,Stepha.Faxen33,uppity fan bomb silent music
Harmony.Davina95_256,Harmony.Davina95,dry stove fool aware ear
Eryn.Bywoods79_833,Eryn.Bywoods79,snobbish donkey reject dramatic pain
Sydel.Geminian69_586,Sydel.Geminian69,exultant kettle call jobless cast
Sari.Nowell28_237,Sari.Nowell28,hot quilt explode moaning goose
Alie.Warrick68_776,Alie.Warrick68,halting wind fit lamentable approval
Chere.Heng55_182,Chere.Heng55,aloof airport throw futuristic train
Elfie.Vitek15_918,Elfie.Vitek15,shivering feather officiate enchanting children
Nance.Christopher68_484,Nance.Christopher68,perfect veil post fallacious swim
Laurena.Matthaeus27_941,Laurena.Matthaeus27,gullible blood crack nasty wrench
Leandra.Greenland70_976,Leandra.Greenland70,temporary station upset obnoxious join
Kirbee.Foulk44_534,Kirbee.Foulk44,zealous writer upgrade stale quiver
Wandis.Prendergast92_983,Wandis.Prendergast92,undesirable stranger enhance unaccountable steel
Naoma.Cleti23_381,Naoma.Cleti23,shrill territory tear cautious vein
Amberly.Elfrida76_935,Amberly.Elfrida76,abnormal egg throw big memory
Merola.Vivia57_210,Merola.Vivia57,dysfunctional eye prefer ancient creator
Sascha.Harts28_325,Sascha.Harts28,rebellious carpenter stimulate bored eggs
Teri.Joya45_465,Teri.Joya45,hard owl dramatize lethal tree
Tessi.Dorr17_443,Tessi.Dorr17,hapless paste fling rightful jeans
Helsa.Stelu11_457,Helsa.Stelu11,embarrassed drug undergo excellent spy
Charisse.Meaghan99_183,Charisse.Meaghan99,jolly zinc guide loose crate
Marissa.Francoise64_747,Marissa.Francoise64,worthless peace tear nutritious religion
Maris.Nepean22_844,Maris.Nepean22,illustrious clam smite slow way
Nerty.Willdon84_978,Nerty.Willdon84,careful drum comb lovely dad
Zena.Kenwee19_368,Zena.Kenwee19,verdant song kick ambitious island
Letisha.Reilly35_238,Letisha.Reilly35,courageous clocks say rare chess
Harrietta.Areta72_247,Harrietta.Areta72,annoying note brush greasy blade
Anabelle.Goeselt30_115,Anabelle.Goeselt30,peaceful basketball attach famous dust
Beverley.Ferne35_769,Beverley.Ferne35,numerous grade plant stereotyped seashore
Terrijo.Lucky67_265,Terrijo.Lucky67,accidental rate quit habitual work
Joelle.Ferris60_768,Joelle.Ferris60,subsequent berry behave daily battle
Carilyn.Dinsdale59_388,Carilyn.Dinsdale59,needy room flood tightfisted camera
Teodora.Ronalda36_483,Teodora.Ronalda36,berserk payment warm jumpy fifth
Janella.Barbabra35_404,Janella.Barbabra35,ambiguous lizards recognize sable year
Cathyleen.Hortensia59_740,Cathyleen.Hortensia59,bloody heart repair bawdy pig
Lanie.Kronfeld26_662,Lanie.Kronfeld26,hollow spy answer ugly bikes
Denny.Gloriana24_530,Denny.Gloriana24,bored wing sow loud winter
Linette.Brewer55_652,Linette.Brewer55,didactic brother glue worthless joke
Hedy.Glynnis51_716,Hedy.Glynnis51,workable clouds wake drab smoke
Wynne.Emmuela80_58,Wynne.Emmuela80,puffy friend hurry alcoholic believe
Marchelle.Arly23_91,Marchelle.Arly23,cooing bit cough zonked regret
Hollie.Gamber43_119,Hollie.Gamber43,icy weather decay yielding cent
Deena.Anatol21_146,Deena.Anatol21,disillusioned string search short beetle
Lilas.Nahama58_348,Lilas.Nahama58,thoughtless interest bless heavenly bikes
Raye.Kilk35_775,Raye.Kilk35,versed train brush spotless substance
Rhodie.Tzong58_358,Rhodie.Tzong58,aboard bubble greet yielding love
Lonna.Pacien50_335,Lonna.Pacien50,zippy produce lay shiny beast
Giulietta.Merci29_938,Giulietta.Merci29,clean mist fly confused grape
Ilka.Bristow60_602,Ilka.Bristow60,mundane interest dissect momentous sink
Jordain.Arlyne20_162,Jordain.Arlyne20,loose cake poke gainful bushes
Courtnay.Supen27_263,Courtnay.Supen27,historical toothbrush annoy teeny-tiny wing
Giulietta.Merci29_889,Giulietta.Merci29,dapper stove multiply endurable furniture
Adela.Dorothea16_253,Adela.Dorothea16,romantic cake deliver abrasive light
Violette.Nessy70_659,Violette.Nessy70,volatile earthquake solve coherent men
Teddie.Lilybel51_316,Teddie.Lilybel51,judicious hill head thoughtful kiss
Eloise.Lila64_756,Eloise.Lila64,muddy cable win quack snake
Casey.Orlando21_997,Casey.Orlando21,obedient mailbox persuade hurt quartz
Tanhya.Marley16_157,Tanhya.Marley16,dispensable game light psychedelic argument
Lynnea.Enrika40_123,Lynnea.Enrika40,mute coach disappear hissing eye
Lana.Dorian22_360,Lana.Dorian22,secretive eye answer wakeful lead
Alethea.Madelena38_407,Alethea.Madelena38,round desk unite excited toad
Emelia.Burnight23_4,Emelia.Burnight23,youthful camera study peaceful change
Lind.Selwin71_481,Lind.Selwin71,ragged fifth clap likeable mist
Celinda.Bartholemy29_448,Celinda.Bartholemy29,broken banana soothe straight leather
Jacquelynn.Magnolia67_38,Jacquelynn.Magnolia67,clammy grandfather test therapeutic sheet
Clarita.Azal80_421,Clarita.Azal80,subdued answer last wandering flavor
Dedie.Pooley3_354,Dedie.Pooley3,sloppy sister form helpful glove
Shawn.Verena70_873,Shawn.Verena70,ambitious drawer troubleshoot skillful cows
Gisella.Sankaran98_213,Gisella.Sankaran98,ruddy planes appear fanatical army
Shane.Lynett99_164,Shane.Lynett99,excited debt process organic mask
Farica.Downs94_459,Farica.Downs94,stimulating hook perceive raspy collar
Denni.Marshall28_955,Denni.Marshall28,tired sleep wed ambitious sort
Ryann.Dumond41_953,Ryann.Dumond41,obsolete blade tutor idiotic opinion
Sarita.Calle11_263,Sarita.Calle11,functional robin guard melted approval
Janet.Chase69_954,Janet.Chase69,graceful trucks blind addicted guide
Rory.Moulden99_178,Rory.Moulden99,squealing society scatter prickly bulb
Mellisa.Amalea9_401,Mellisa.Amalea9,icy temper mix combative pencil
Ora.Gonzalez61_707,Ora.Gonzalez61,happy dust stare tasteless hospital
Leona.Pember82_229,Leona.Pember82,melted debt doubt lying aunt
Dayle.Gabi61_495,Dayle.Gabi61,good toothpaste wind hospitable cart
Myrlene.Brandes36_717,Myrlene.Brandes36,chubby arithmetic normalize horrible spade
Dion.Brader77_891,Dion.Brader77,adhesive night map x-rated crown
Eryn.Luane88_128,Eryn.Luane88,fat whistle reign damaging rabbit